app_income,occurrences
148,322425
463,7733
471,6737
1238,438
496,6208
1645,166
1342,280
833,1259
1580,260
4935,2
1088,633
1829,135
2866,18
3918,12
1591,192
3175,35
2122,86
2366,61
2142,75
3997,13
2659,46
1959,99
6466,5
5300,40
5518,8
8592,2
5803,2
6620,5
4900,40
7880,7
4818,8
9900,16
5156,5
3749,15
4101,9
4519,7
6357,5
6336,12
6658,2
7993,3
6654,4
7253,1
3794,10
7340,3
9465,1
9852,1
6397,2
7833,2
8638,2
7240,2
7982,1
12027,1
113000,1
392,13247
243,62046
540,22618
1395,295
623,2902
737,1909
897,1040
1483,222
1025,947
1084,585
858,1265
2387,61
1127,514
1460,353
1896,235
1507,223
1721,166
1522,204
2999,81
2563,50
1990,106
2580,142
6773,3
3179,24
2235,69
9879,2
3698,15
8932,2
8928,1
3475,19
2811,71
4158,16
8803,1
7168,5
4161,12
3226,17
4219,10
4190,7
4929,11
6393,4
6623,1
5614,3
8105,1
9564,1
16500,1
9182,1
11500,9
291000,1
85000,4
19200,1
10081,1
13622,1
31,1268183
516,8605
1322,349
3000,2339
1143,478
1650,482
1352,331
1339,333
5984,6
1699,170
1618,174
1303,340
2572,38
1270,454
1139,501
2776,34
1903,117
3761,18
2393,46
4391,7
3704,12
2996,41
3488,16
6559,4
2711,31
2821,26
3352,15
7387,3
5117,7
3213,21
5287,7
6266,10
6825,2
5173,6
4489,10
5345,6
7850,6
8407,3
7879,2
9162,1
9558,1
8924,1
5071,3
8257,1
9454,3
6622,2
6482,1
21058,1
20120,1
11800,3
10862,1
9383,1
85,1315779
137,396682
251,56440
451,8346
580,5504
4684,5
808,1450
2025,116
2923,29
1265,399
2748,65
2443,61
2525,73
1884,185
3098,26
3089,26
2259,64
4042,12
1975,172
3796,17
6597,2
2231,67
2721,50
3986,14
4239,14
5308,6
4186,9
4078,18
2488,55
3876,14
3490,22
3220,20
4364,9
5155,12
7910,2
5074,2
7098,8
6598,7
5482,11
7530,3
7120,4
5223,5
6361,2
9169,1
4937,2
8650,2
7066,4
114000,2
11630,1
8779,1
12292,1
65,1733915
458,8039
879,1089
2249,38
2924,38
1977,107
4000,669
883,1035
1223,448
3425,27
2096,82
2392,59
5740,10
4383,8
2655,47
9775,4
6500,117
3913,17
2833,22
5697,6
2656,45
2622,40
4957,4
5217,5
3377,12
4294,14
5157,9
3566,18
5695,6
5682,4
3561,12
4307,13
3834,16
5433,6
8501,3
9403,2
5578,3
6301,5
8211,3
7576,3
5513,5
8678,4
7333,2
7152,2
9153,1
5907,2
6154,1
7661,1
10788,1
13398,1
6934,3
10632,1
14944,1
76000,2
9647,1
11482,1
53,1510435
255,70950
804,2515
588,5421
1157,499
799,1492
481,6533
898,1056
2156,72
3105,28
970,1146
2559,55
7584,2
6890,4
5527,8
6552,8
2027,76
4092,28
7109,4
5110,10
6864,9
3028,33
2802,38
3790,24
3042,29
6396,6
6176,4
2247,63
7987,2
2914,23
3631,11
4477,8
9181,1
4357,11
7892,2
6866,4
5847,2
7567,4
7404,3
9675,1
9575,1
6722,2
5995,2
6937,2
6832,1
8229,1
10416,8
13500,13
12207,1
7810,1
26729,1
147759,1
9914,1
39000,1
133,413459
296,32862
472,7218
3306,23
1787,141
853,1211
1766,136
2035,118
1466,249
3242,15
1888,102
1718,157
2542,52
2238,58
8927,2
5670,19
3062,22
4097,13
5929,1
2874,27
5100,53
5140,11
5061,5
3691,19
4612,11
4838,9
4799,8
8249,4
5178,11
8640,10
7206,9
4291,13
8450,6
4583,30
4396,7
9338,1
7736,3
4859,11
9475,2
6557,2
7222,2
8950,2
6010,2
6376,2
9721,2
8612,1
8482,1
8409,4
10013,1
146000,2
71050,1
17378,1
10611,2
18966,2
34167,1
78,1374059
322,24906
918,1039
513,5437
1005,781
1016,701
3703,40
4624,11
3577,16
1808,139
1133,508
2848,28
2396,62
3657,17
6142,3
4697,8
4167,28
5867,1
8664,3
6678,1
9731,2
5949,3
8051,3
8145,2
5030,5
5920,4
5211,3
6378,2
4531,8
5457,4
9258,2
7912,2
6082,1
5692,4
8231,1
27000,1
90319,1
10267,2
12559,1
16800,1
8146,1
10530,1
29583,1
8845,1
2625,78
362,16808
321,24000
673,2423
633,2831
613,3081
961,824
857,1240
1533,234
2564,41
6145,4
974,790
1160,635
4126,19
2971,42
3087,21
4061,30
4259,7
5934,6
3149,29
5427,7
2479,43
4512,12
5543,7
8042,1
4725,7
4119,4
9035,7
7169,2
5529,6
7817,2
6237,2
9488,4
5251,5
5222,1
6108,4
6939,2
8085,1
18750,2
10195,2
8628,1
10435,1
260000,1
7131,1
976,800
375,33622
597,3388
876,1681
1199,559
593,3587
1417,269
1468,266
2797,35
1212,725
3441,25
1743,124
2173,73
4182,11
1653,148
2835,36
3601,16
4762,7
2513,53
4798,10
6157,2
5375,11
6732,4
8350,1
4713,9
4782,6
6188,6
4474,6
7132,3
5235,6
7342,3
5298,7
4923,8
5571,6
7092,6
4401,10
5383,2
5916,4
6913,3
4796,7
7726,2
6689,1
13494,1
17067,2
130000,2
26820,1
155,370722
108,882891
744,3352
950,2858
1700,1049
683,2323
1525,289
3124,32
1331,297
1561,191
4773,12
5605,11
1863,132
2294,67
3661,20
2739,47
3436,25
4452,10
3844,8
7202,5
3843,10
5962,9
2606,34
8423,3
3431,14
8458,4
4418,9
9097,3
7497,2
5827,4
8003,3
7481,2
7359,1
9435,2
6213,2
8935,2
9405,1
9640,1
5771,1
7571,1
11059,1
19039,1
211,100596
34,1296830
193,134657
642,3063
796,1497
368,15790
530,7188
1404,499
1344,620
1068,929
1198,425
1537,164
1924,116
1675,226
5038,6
2200,484
6204,6
3235,36
6639,11
6005,9
2888,44
4172,10
2225,77
4321,10
8961,2
4263,6
2663,45
7562,6
3152,28
8172,4
4517,13
4132,12
8396,2
6124,1
5417,5
8354,2
7587,2
7499,3
7103,4
8429,1
11578,2
153000,2
11333,1
10290,1
7647,2
55600,1
18818,1
126,537898
101,777620
115,782973
1500,5633
756,2816
4992,63
1183,445
1823,104
772,1582
2771,36
1165,476
2342,68
1378,307
1745,140
2261,55
3043,34
3198,24
2907,30
4181,12
2003,97
5918,6
7744,2
7118,1
9957,3
4415,9
4683,14
6737,3
5597,3
4917,10
8776,2
8536,1
4153,8
6419,2
7173,3
8689,1
5926,1
6056,3
6933,8
8442,1
4865,1
7602,1
8887,1
22050,1
133549,1
270000,1
13960,1
10626,1
81,1015796
1226,437
385,18321
830,1756
874,1151
847,1243
939,861
1869,115
1259,364
2007,93
2212,61
4088,11
2662,40
8681,3
5452,4
5699,4
3008,31
2484,88
3611,32
7666,11
7048,3
5254,6
3538,29
6460,5
3026,27
5447,7
4169,10
8352,2
8977,3
6741,3
5151,9
8325,7
9255,1
3936,19
4637,17
5585,4
6664,8
5055,6
4293,4
3313,14
4896,11
5490,5
6953,2
8001,4
7331,2
7604,2
8243,1
5785,4
7533,3
9416,1
7550,2
54000,4
28752,1
17808,1
8412,1
9217,1
92966,1
210,199135
28,983483
183,159650
436,9003
2313,75
1441,283
1031,658
2209,53
2522,55
1201,434
1175,622
1892,118
2463,42
2180,94
7800,67
1426,248
4958,7
7613,3
1496,258
4326,11
2052,140
6319,9
3234,18
5152,8
4443,4
8976,1
2079,78
4918,14
2683,37
7188,3
9450,3
3841,13
3685,12
9384,2
6095,4
3445,29
7935,1
8478,4
8514,3
4208,10
5961,5
9714,1
7460,4
9207,2
5936,3
7522,1
7325,3
7818,1
10254,2
125000,3
9441,1
37989,2
8999,1
497,6257
596,3450
2905,44
1296,948
1510,242
1415,266
762,1794
3650,40
1051,619
1621,147
1243,374
1274,395
8500,61
2044,76
2355,51
8622,5
6667,24
3485,25
4155,20
2583,37
2018,97
2842,25
3885,15
6068,6
4829,3
7501,3
4482,10
4083,11
4424,7
5119,8
6342,6
7531,5
4230,16
8090,7
4826,10
8395,1
6855,3
8410,1
9081,2
5592,4
7306,1
8123,1
10015,1
8877,1
10058,1
12885,1
300,250497
406,11535
1034,659
1030,900
412,11506
1163,477
787,1453
784,1499
1489,207
1752,240
1064,711
842,1321
1156,478
2962,18
1772,136
2386,56
2778,51
3582,15
1826,114
1974,111
2349,53
3151,28
8915,1
2945,27
2682,44
5880,12
8809,1
3706,18
8126,1
7539,1
5895,7
7796,2
7594,3
4107,7
8132,1
5884,2
5337,2
8986,1
4848,7
6152,3
6695,2
5552,6
6476,3
5930,2
5188,4
5845,2
9434,3
15583,2
11125,1
14496,1
15062,1
11201,1
60789,1
8008,1
587,3719
1276,373
988,802
7237,6
731,1873
6300,39
2015,101
1307,333
8036,2
5691,3
2240,101
3626,18
1574,190
7634,6
3795,14
5854,4
4925,8
2094,85
3403,24
2752,28
2697,43
1708,125
4858,10
3624,21
4843,10
5028,8
5663,10
3296,26
9366,8
6288,4
4229,13
9387,2
31200,1
7088,1
12859,1
9669,1
12597,2
76,1143155
2467,62
667,2545
688,2220
914,952
723,1902
1372,283
3359,14
3127,25
1889,126
1480,359
3595,20
4700,44
3435,19
3346,24
3725,21
2871,27
5040,44
2758,39
3264,26
2678,54
5562,3
1871,119
1816,128
2526,48
2032,90
3252,33
4695,5
5965,7
4256,13
3013,26
3166,23
8247,1
4197,10
5651,5
5505,3
5006,7
9700,7
8130,2
5642,8
8417,4
9551,1
3941,5
6705,2
7351,2
8902,3
8747,5
7242,3
5756,2
8608,5
6863,3
9161,1
7321,1
16000,4
11868,1
13416,1
11213,1
10910,1
8006,1
27,912075
26,937230
332,22514
626,3001
501,5998
1235,448
577,3743
5212,4
3743,17
2857,30
1634,150
2023,89
2335,61
2650,110
3133,14
1493,201
7116,4
2754,35
2610,40
2439,52
3411,23
6847,5
4774,6
3270,21
3811,14
5586,8
5066,5
8329,2
5095,8
5875,5
6437,4
4758,11
8980,1
7489,2
6011,5
5759,4
3211,16
4777,5
5758,5
9935,2
8656,3
8411,1
5396,4
5993,2
9446,1
6948,1
9120,2
6936,3
6488,5
9318,4
9890,1
6473,4
8962,1
8643,2
384,25115
1269,343
831,1307
1019,672
3387,24
9508,2
1294,348
4408,9
2189,79
2750,141
5037,6
1927,102
2331,77
3072,39
4876,5
2047,85
5160,27
9165,3
5123,8
5258,5
4866,7
4830,24
8895,3
4919,7
9270,1
7192,4
9027,1
5647,4
5024,5
8438,1
5823,9
6040,4
8426,2
9249,2
8822,1
8053,3
102366,1
7122,2
10881,2
12659,2
14333,5
35000,4
10063,1
44,1510256
159,241858
192,214768
271,42313
606,3608
811,1437
908,990
743,1789
1350,970
2169,90
3669,19
3666,19
3528,23
1418,261
844,1171
916,948
1135,540
3017,29
3783,6
3481,16
3922,12
3370,25
1875,147
2322,56
3744,34
2644,34
2134,62
3287,13
4199,16
2738,40
3123,33
7250,22
7962,2
7290,6
3183,21
7257,2
9787,4
4538,9
4267,13
5606,6
5214,4
5405,4
6391,5
8312,1
9547,1
3069,20
9147,2
6831,3
7225,2
5852,4
8967,3
6167,5
6988,2
8415,1
4354,3
9489,1
9498,2
5219,6
7901,1
7676,1
6491,2
11165,1
7662,1
9842,2
16799,1
253,55045
1210,531
1866,142
806,1447
1148,512
1771,113
5448,12
1759,122
1280,518
2804,44
1363,307
1955,131
1689,191
1877,120
2076,130
3010,35
2371,67
6949,6
3587,14
4547,12
8568,3
4209,7
9205,6
4779,2
2601,33
7424,3
2727,30
7258,1
5768,9
6528,4
9514,2
5892,3
2809,26
3727,14
4036,7
5480,5
9873,2
9126,3
7684,4
5708,6
9286,1
7788,1
7516,1
7023,2
9096,2
9016,1
12895,1
8290,1
12067,1
44000,3
21224,1
12235,1
10094,1
103,756887
236,71607
3279,36
460,12431
329,22072
1085,642
1056,1207
1873,105
2497,46
4200,321
3456,30
1398,293
2323,73
2198,73
2062,95
5080,7
2496,185
2629,44
7311,2
3173,44
1890,156
4104,20
4610,11
3258,19
2069,66
2595,46
6956,3
8115,4
4240,11
5142,6
3972,17
8899,2
3284,13
4899,4
3512,20
8391,2
4368,12
5401,8
4025,18
5891,4
5238,4
6030,5
9840,2
7244,3
7718,5
6904,3
6110,7
7239,1
7556,2
8260,1
7711,3
6128,1
8022,1
10010,1
12293,1
10800,5
12,308625
350,80492
336,37459
973,814
1260,1482
1093,626
2723,48
984,1623
1046,668
4523,8
2236,73
3328,26
4874,7
2939,30
3228,26
3741,19
8570,1
7020,13
3054,25
4144,14
2228,85
3196,39
8255,30
5087,5
3207,33
4317,11
2531,53
2409,45
4198,11
4305,6
6810,8
8198,1
3548,22
8184,5
5322,5
9426,5
9103,2
7005,1
6267,4
7786,5
7945,2
7940,3
6201,1
9824,1
9601,1
14036,1
11249,2
11950,1
10276,1
25179,1
223,85016
3500,486
4446,10
738,2054
860,1640
2090,95
2684,38
3076,14
3990,18
1838,142
9235,3
9264,2
3116,19
2692,52
2920,40
1769,123
2675,64
3325,36
3171,36
2006,81
6522,5
3083,25
3859,17
2680,60
3792,26
8287,6
6671,1
4394,11
3353,10
6668,2
5003,7
3679,9
5328,4
2701,34
9741,3
8239,12
5105,8
6538,8
4033,13
5422,4
5841,3
8133,2
7304,22
3037,31
6716,4
7055,1
5307,5
5465,4
8067,1
8460,2
8693,1
8306,1
5069,2
11423,3
23854,1
16230,4
173000,1
13117,1
6970,1
10570,1
6254,1
417,10584
548,4656
602,3430
388,12995
1775,165
3502,28
1208,431
6100,20
3865,20
3519,26
2168,70
3912,17
3621,26
4873,13
7600,18
2753,34
9677,2
9178,3
5374,5
4910,4
7418,2
6572,3
5897,4
7856,4
3260,24
6717,4
5909,4
9915,5
4591,9
9689,3
8774,2
5886,6
5062,6
4669,7
6096,2
6896,1
4617,11
8355,2
7504,3
6852,4
7106,2
7583,4
6440,1
10535,2
99000,2
63000,1
8351,1
12162,1
91,897108
578,3857
663,2583
409,10488
1659,178
3711,19
926,907
1077,651
2502,52
1777,127
1820,199
1564,181
2022,77
2975,51
4047,14
6045,2
5765,8
3216,32
1978,102
7197,1
6792,3
4363,5
4526,10
6028,7
4227,5
4014,12
5333,12
8270,1
6746,11
8452,1
4397,3
5370,3
7032,5
7710,3
4653,2
6880,5
5843,3
7742,3
8888,2
6629,3
9226,1
6495,1
6650,2
9236,1
8825,2
8419,1
12000,24
43680,1
12708,2
40800,1
333,21632
822,1539
707,1962
1215,461
2772,37
1582,163
1457,228
1290,491
4989,10
2668,48
2127,90
2961,24
1908,173
2237,85
1925,129
2227,47
4994,11
3814,16
4823,9
2726,41
5112,14
3239,14
9456,1
2789,33
5190,4
3071,21
3450,40
9629,1
2255,65
3184,20
2113,60
4389,8
3546,12
3963,12
3891,13
4070,7
4457,3
8655,17
9468,1
7823,2
6606,1
9391,3
6178,3
7699,2
19000,5
129546,1
17715,1
10600,1
8155,1
11975,1
16348,1
21456,1
9919,2
875,1884
222,104796
285,52838
601,3377
2532,79
1249,399
1565,211
1824,220
1804,137
3240,95
1324,346
8786,4
2288,76
3673,23
2031,89
3180,76
7026,6
3586,27
4323,14
3886,8
4177,16
4720,6
4120,19
4387,7
4090,20
3108,31
3888,24
3905,9
6442,6
8186,1
3654,16
9039,1
9413,1
7446,2
6422,4
8280,4
5905,3
6465,6
7873,1
7216,2
9861,3
6616,2
9193,2
4837,2
8780,2
9653,1
12227,2
11437,1
8220,1
17730,1
372,21428
128,481859
22,675816
209,103618
330,44328
1065,725
1125,771
604,3469
685,2579
727,1938
995,924
1469,242
1886,135
1550,499
3200,156
2407,53
1332,559
8486,3
2725,53
1848,203
1961,103
2242,87
1295,377
1796,135
6469,4
8917,3
1731,158
6337,6
2521,49
9592,2
4403,11
4429,10
4606,8
7080,5
4718,10
5213,4
6630,5
8004,2
4788,13
5320,4
3579,9
7198,3
6891,5
5302,11
7683,5
4203,8
5953,6
4336,7
5282,7
8427,1
7266,4
7787,2
6273,1
9077,1
9611,1
8473,1
6887,2
12088,1
219000,1
14775,1
13132,1
230,132069
122,543236
319,24821
493,5988
1176,1015
686,2244
625,5416
5025,12
4028,7
5500,98
3975,20
2828,48
1291,357
1583,182
8005,9
2013,81
3728,17
2517,43
4280,26
7081,5
7065,4
3689,15
5568,7
8047,2
7847,3
8762,1
7589,3
4521,6
8264,3
7124,3
7159,1
7210,2
7033,6
7058,2
7265,3
4251,6
6467,7
6503,3
6835,4
7551,3
6071,2
9573,1
8851,1
5660,2
8658,2
33333,1
14436,1
104000,5
16155,1
9009,1
14453,1
93,867946
232,75949
225,168814
190,234153
157,258327
233,73714
924,1455
1506,271
758,1769
2774,33
1633,152
2148,103
2414,54
2724,47
4386,8
2042,94
3884,16
3390,23
3482,19
4726,7
5099,10
5516,3
4727,12
5828,3
7123,3
7400,12
7284,5
6090,7
5042,8
6898,3
4376,6
9769,1
8872,1
8375,3
5633,6
8526,4
7792,1
7580,4
5266,3
6740,1
9578,1
13000,12
24084,1
27823,1
10007,1
34999,1
14774,1
360,93792
476,7141
246,66649
367,15224
346,19182
599,3483
539,4575
725,3164
855,1413
861,1137
2609,47
4426,6
1061,610
3991,14
2791,34
1588,167
2757,31
3244,31
4530,14
4040,29
6795,4
3920,23
4882,5
3670,21
3276,31
5787,2
5786,4
6744,4
5678,4
4455,6
6954,9
5524,6
9847,2
7293,2
7975,2
8886,2
6929,1
7938,1
9759,2
11311,1
13531,2
111,603157
224,87415
654,2711
519,5087
1197,452
1729,134
1505,288
1942,92
2404,62
2181,61
3222,23
2628,50
5346,9
3504,38
1785,143
4277,9
3862,15
3817,24
7758,3
7241,4
4018,9
2607,44
8498,2
4568,3
3132,34
2896,40
8178,1
8595,4
4784,14
3495,14
9059,1
5442,4
5102,12
5655,5
8150,2
9571,2
5478,7
4459,9
6350,5
5084,4
6836,3
8399,1
8166,3
7160,4
46667,2
11513,1
12875,1
14833,2
47,1502266
2549,43
1944,211
2064,124
3567,42
2284,54
2051,94
5090,10
1207,432
1477,271
1939,100
3140,55
1456,276
2612,67
3144,37
2638,38
5640,24
6960,5
4481,17
2192,72
2823,30
6553,3
6024,7
4851,17
3045,26
5182,3
4384,7
7890,5
3818,10
8619,6
7171,2
8672,3
5755,4
5620,3
4655,6
4642,3
5388,2
6326,4
9110,5
7877,3
4076,7
6690,3
8480,3
8328,2
9548,2
9166,16
6504,2
6339,5
9512,1
9189,3
5838,3
18900,1
8721,3
15347,1
13829,1
140,604538
177,183239
1300,2469
1055,692
416,11698
827,1285
556,4323
711,2031
1425,386
2619,44
1244,413
3293,18
2398,61
1613,178
3498,12
2038,88
2306,63
4507,8
6014,3
4498,13
2037,91
2109,80
2998,34
6946,4
5162,12
1899,101
8646,10
7701,4
4698,8
5361,15
4032,13
5335,11
9439,3
3904,10
6435,3
6515,4
8516,3
7203,2
7896,3
4756,4
6941,2
6143,1
12279,1
12750,3
144000,2
46346,1
100000,4
10166,2
192639,1
14591,1
10079,1
152,305804
132,561469
444,13323
665,3015
671,2422
1206,451
2056,80
1114,508
2829,24
4327,4
5593,9
3857,11
6139,6
2582,68
3734,15
2466,40
3104,22
6067,14
6917,2
3919,17
4604,4
3336,20
5868,4
6076,13
7875,7
8015,5
8207,4
5547,3
7119,3
8200,12
3721,20
7560,7
6774,8
4733,10
4828,10
5309,8
4246,15
6125,3
4822,2
6536,2
5286,8
8138,5
6116,5
6560,1
7696,3
7398,1
8010,1
240000,1
109000,2
185,238891
353,17682
305,37541
882,1212
355,21802
747,1793
696,4891
618,3545
7488,7
694,2187
2312,66
1586,206
1512,466
1694,164
5129,2
2616,66
1542,231
2092,72
6480,15
1786,104
3155,21
4185,13
1599,170
2045,110
3940,21
7347,6
2882,38
5354,4
3349,18
2898,35
4641,7
5334,6
6097,5
4893,8
8029,1
4469,4
7234,3
3379,9
7361,4
5609,2
8271,2
4844,1
7691,1
11250,4
30000,2
16400,1
7902,1
42000,2
123328,1
12349,1
11707,1
10342,1
20448,1
29000,1
14954,1
325,52049
386,13591
291,33078
955,898
1288,342
1311,285
906,1057
2219,58
1306,341
5365,9
1723,168
2339,63
1774,116
2082,103
5018,6
6692,3
3029,34
9516,3
2483,55
3095,25
2647,36
5450,11
2108,70
5344,6
8893,1
5595,2
5285,1
7001,5
7367,5
5639,3
7642,3
6712,2
7607,1
7748,2
8218,2
6706,1
115000,2
18500,2
12045,1
11278,1
7519,1
11616,1
187862,1
16949,1
7236,1
7323,1
435,11944
748,1718
581,3563
660,10943
473,7074
774,1753
912,1706
1170,699
1590,233
603,3468
3020,51
935,1023
1266,373
1626,199
1681,160
1382,305
2191,67
5947,9
2840,39
2635,51
3121,32
6637,6
3976,15
6618,4
3073,50
9725,2
5315,5
4524,15
3261,29
6932,4
2796,47
4451,10
2886,30
9001,5
4435,9
3753,13
3956,17
7228,3
4162,11
8165,1
7749,2
5245,11
5303,7
6718,1
8523,1
8040,5
7555,3
6687,7
6099,4
9340,3
6778,2
7944,1
4987,5
9654,1
7212,4
8088,2
10583,3
12440,1
71000,1
9931,1
56000,1
146,332163
1145,583
1247,339
704,2143
6720,16
1488,448
1122,548
1491,247
1304,305
2760,199
4766,5
9625,8
4174,12
7343,7
2320,93
3927,11
4656,15
3970,11
4111,16
2329,58
3798,25
5879,10
3421,19
3752,15
3636,27
5047,4
4472,9
3206,21
8770,1
3923,24
5624,4
4428,12
6902,4
7335,2
4898,7
4663,5
7570,13
9323,1
9117,2
6384,3
5306,1
6382,2
7221,2
7854,2
6366,2
13689,1
105346,1
8007,1
9754,1
512,6019
259,50806
797,1458
1802,150
1595,190
,23584531
3819,13
2054,97
1664,182
3449,17
2239,69
4561,7
8683,3
6234,2
3025,37
2614,45
3826,17
1773,140
3283,10
3648,21
7723,1
7355,4
4973,3
4842,11
4515,7
4102,12
2781,42
7887,2
4786,11
2941,37
5611,7
5864,7
8610,5
7725,3
6177,11
8025,2
5499,4
9459,1
5959,3
7472,1
9758,1
10650,1
16622,1
14600,2
1391,286
206,115154
1,79943
1008,1585
3125,55
896,1029
1504,232
1516,234
1172,462
3282,22
2296,89
2786,31
4311,8
4338,9
3059,17
2780,47
3452,23
2775,42
6387,1
6230,8
4351,6
8830,1
3208,17
7042,1
5960,6
2957,31
5763,7
4931,5
7143,2
5811,1
5192,6
6313,4
4041,9
7087,3
8943,1
103000,1
14445,1
10966,1
14350,1
17959,1
10666,2
8982,1
52,1729526
297,31817
770,2180
363,15862
768,2641
777,1472
3030,37
3060,59
3593,26
1798,146
1812,201
1302,366
2138,86
1485,270
2183,67
4466,13
3622,15
8176,1
1902,144
2763,47
2364,89
1683,136
3861,16
5791,6
4315,15
7806,4
2475,57
5496,10
3570,20
6481,10
4464,9
3774,7
5950,6
9088,1
5900,25
4312,10
6457,4
3147,22
7078,2
5819,5
4475,5
8191,2
6318,3
5968,2
7468,2
8208,2
6221,3
9624,1
6362,2
6766,3
9763,1
11050,2
8205,1
10900,5
9076,1
30008,1
46093,1
12966,1
1047,655
212,107497
1427,264
715,2380
674,2478
2637,40
992,828
2600,306
1400,1937
1190,509
1546,218
1458,316
7769,1
5761,3
2603,35
3162,33
3006,34
2155,74
1651,184
3453,24
5204,4
7230,3
2967,26
4349,16
5599,1
4438,15
9105,2
3541,21
5097,6
6563,1
4569,7
5122,3
9279,3
8158,2
9983,2
6786,5
4979,6
5336,1
6227,7
5341,6
5255,5
6498,8
4614,3
7802,5
7140,6
9722,1
6813,2
6837,2
8785,1
8445,1
9752,2
24894,1
22500,1
274,42325
631,2897
2344,76
4775,9
4325,7
2363,76
1473,208
5000,572
4680,44
1878,130
1434,248
3111,26
1722,175
1616,179
3474,21
1922,121
2256,83
6996,28
3754,28
2989,21
7780,3
4450,24
2698,38
3192,39
3058,15
2170,86
3446,17
2575,59
6975,7
3987,20
6365,2
7733,3
3172,32
5114,6
2633,48
4093,15
3210,26
8531,13
7709,1
3607,13
6223,5
5077,7
5588,3
8121,4
7707,2
7611,1
6537,3
4688,9
9164,2
7261,2
7789,1
6508,1
7616,1
8449,1
6907,2
6112,1
13533,1
71200,1
18124,1
18358,2
52000,2
11793,1
10975,1
182,179192
792,3092
442,9008
689,2194
699,2078
1399,326
1644,258
1323,272
1608,309
1770,176
2213,70
1822,139
1137,545
2380,65
2059,88
5231,10
7500,118
2768,36
9157,4
3978,6
3032,23
3272,30
3197,56
6543,2
4757,11
8880,7
4877,3
5082,4
7008,5
9152,2
4288,8
6729,2
4936,5
8484,2
4304,7
6194,3
8562,2
5649,6
8019,2
5144,3
9493,2
9158,2
7217,1
8238,1
12500,29
13119,1
11921,1
13123,2
10663,1
13583,2
9476,1
13,205285
280,70580
218,97442
348,29176
440,14304
1682,160
734,1925
2383,60
2337,67
4297,8
2318,58
1663,156
2455,50
3231,18
4016,14
2471,59
3022,27
4487,15
5590,6
2536,56
2956,33
8256,3
7812,3
3484,14
3786,16
6375,4
5193,8
6060,14
6759,2
8402,1
3572,14
9719,1
9695,3
5992,8
5612,3
6578,3
8574,3
6714,10
9055,1
4151,8
7615,5
7857,2
8144,2
7084,7
7286,1
6282,2
9907,1
7974,1
6612,1
7285,1
8537,2
98544,1
10511,1
192000,1
180000,4
10326,1
162000,1
10918,1
86,1031820
16,332925
474,7985
6,45502
636,4546
1267,471
1100,3359
760,2351
1155,498
1367,301
1089,580
2102,72
2281,63
2685,39
7793,6
5398,9
2210,89
4420,19
3720,43
4365,6
2433,53
6999,2
8009,3
4977,6
4030,6
8204,1
5967,1
7617,2
9230,1
9353,2
8492,1
5343,5
7572,8
6244,1
6827,1
5281,5
10562,1
10833,10
138000,2
7182,1
8199,1
168,305318
205,144958
572,4156
852,1847
887,1054
1952,101
2520,259
4220,16
3813,14
2158,49
4966,10
2911,32
5234,8
2470,58
4570,12
4565,14
5001,6
2699,36
5167,11
5016,8
9306,2
6694,4
7402,2
5777,3
5770,4
6146,1
4672,4
5158,9
9945,2
5382,4
4914,5
14500,8
11750,1
8338,1
11862,1
10338,1
9478,1
142,360644
178,184571
1380,1173
3,24847
925,1404
1062,702
998,804
1082,558
972,1324
1218,485
5004,25
2537,51
2196,143
1749,148
1242,416
4013,12
3700,78
2481,53
9176,2
2879,29
7595,1
2597,38
4588,2
2422,56
7226,1
4202,12
3602,22
3340,37
1834,103
5230,8
4806,8
4738,6
4091,16
6826,2
3645,15
5056,7
9154,3
3509,24
3549,18
2877,29
6878,2
5676,5
3908,9
5701,8
5357,8
9833,6
6219,3
11645,1
24000,7
77000,5
10223,1
15200,2
13749,1
7073045,1
118564,1
328,22817
1627,231
308,29701
1130,618
1410,337
867,1086
2040,467
1956,161
3413,18
7436,3
6053,5
1934,104
3557,12
1783,141
5031,6
2852,40
1646,155
6840,10
2292,73
5871,9
3659,16
2831,21
5862,5
4831,7
4993,6
6416,7
5359,12
7906,5
5790,4
5325,8
3893,14
4944,11
7824,4
7680,5
3890,26
9092,6
5983,4
6334,5
9570,3
9052,3
8800,11
5381,2
6579,1
6764,2
9937,1
9707,1
14166,5
150000,2
12472,2
13300,2
214000,1
17274,1
12166,1
27399,1
15501,1
40,1803281
164,232050
20,584664
470,10547
429,9362
4645,6
1997,104
839,1184
3167,29
2161,76
2686,50
1275,492
4347,9
3195,29
3415,25
2577,37
2391,59
3314,26
1988,96
3925,23
1636,220
4681,7
3115,33
6711,1
3708,17
3667,23
7894,3
3983,17
5520,24
7852,2
9698,1
5933,5
4094,12
9981,2
9086,2
6506,4
8615,2
5120,5
4729,5
8666,3
5724,2
7208,15
6886,1
8578,1
11138,1
12917,2
25000,3
11532,1
202000,1
11557,2
18271,1
16767,2
8225,1
169,201700
500,54161
1171,438
3764,22
1349,303
6900,42
1353,329
2193,60
2326,75
4905,9
2351,54
5445,4
7775,1
7349,2
2729,44
4562,8
6781,4
5818,6
3793,12
5538,4
5339,5
5914,10
9980,1
7128,2
4355,7
5971,3
9631,1
6243,3
14882,1
610715,1
37000,1
14475,2
6745,1
91300,1
139,364471
359,17087
283,37214
479,6834
1144,538
2071,77
4620,26
2681,47
1461,243
2880,200
1994,107
1444,244
2736,66
2808,57
2026,69
5444,8
6050,9
5338,6
8160,8
5485,9
6775,5
2519,41
7470,8
4258,8
3419,23
4352,13
4644,11
8201,2
5247,7
4012,27
7490,2
6824,2
3539,15
6275,2
5424,6
5577,3
4991,5
6756,3
6980,4
5461,1
7046,4
9090,3
7178,2
6268,4
16147,1
10456,1
111000,2
22490,1
19583,1
10390,1
166000,1
295,42322
340,34201
881,1099
980,1204
2712,65
692,2294
431,9122
1670,208
3439,24
2185,77
2849,45
1335,321
1245,397
1021,653
1538,239
4314,10
3791,18
3625,12
4510,10
8903,3
2837,44
6165,5
6161,7
2695,44
7968,2
4564,4
6171,4
4807,6
4639,9
7009,5
3497,19
4279,11
6020,3
9776,3
5564,3
7070,3
5373,7
7705,2
5237,3
7759,1
4995,4
9932,2
5887,1
6172,1
6963,1
11900,3
6452,2
9827,1
34368,1
28632,1
16820,1
10935,1
10907,1
94,917752
402,13759
250,233656
582,4495
432,16396
377,14138
1273,316
1301,326
1394,279
1455,261
3120,196
9414,4
3529,24
4074,14
5817,6
3067,20
2867,33
5591,1
9273,4
4615,4
2560,46
6595,4
7411,7
3690,14
4504,10
5510,7
3863,15
4118,7
6239,12
4001,8
9813,3
8700,11
5937,2
5440,7
8055,2
4176,20
4038,9
5206,5
6322,3
8030,2
5551,9
10000,55
22083,2
10411,2
118442,1
141000,2
10374,1
10501,1
97824,1
57,1389623
570,6457
1026,756
868,1064
2384,50
920,1359
5553,3
1628,152
2885,52
3489,12
8548,2
6002,3
7669,3
8742,2
2343,61
3399,22
7028,5
6328,5
3699,12
2489,53
2653,33
5324,8
7980,7
4137,11
6691,4
3709,16
5492,4
9660,6
5246,5
6779,3
6088,4
6091,1
8532,3
8594,2
6734,1
9272,1
8957,1
45321,1
10507,2
60000,7
16733,1
38000,1
16666,3
9854,1
12650,1
1467,260
647,2791
1615,176
1074,646
966,905
4544,9
1113,549
2464,47
1818,137
2694,33
1968,183
2782,40
2666,41
6032,10
6086,3
2405,39
5948,3
5274,5
4852,10
3613,13
5541,4
9444,3
7110,2
3871,15
7177,3
5467,6
7506,6
8274,2
6978,3
3932,12
7657,2
7523,4
4166,38
6959,2
4781,4
6583,4
7006,3
7559,2
6308,3
6197,5
8374,1
14811,1
9886,1
34000,2
11054,1
199000,1
21650,1
8691,2
18938,1
306,32350
339,19447
292,34464
1069,599
676,2413
3996,65
923,883
944,849
1355,333
3269,21
919,961
7581,3
1146,544
983,893
1517,243
1251,403
7280,8
2177,79
3388,27
3506,16
3649,22
4157,12
3012,38
5347,5
4820,7
2651,36
9333,7
5507,6
4356,8
3324,28
4603,9
3815,15
6846,3
9816,1
6738,7
7231,2
8588,7
6472,6
4846,5
7739,2
8611,1
9091,1
9614,1
6302,1
7301,2
8159,1
8992,1
8790,3
8416,3
30300,1
12390,1
10378,1
54,1700567
120,1413143
1499,231
559,4122
6216,7
1028,693
969,784
2232,124
3209,24
1917,106
3757,13
2779,32
3856,11
9947,4
2014,100
1781,130
3858,17
3810,18
4631,9
6017,9
3730,16
6719,3
6656,3
7101,2
5555,15
3827,5
3309,26
7735,4
5225,6
3969,4
6994,10
4692,9
4399,9
9622,2
4221,10
6027,2
8263,1
4928,4
4136,21
9998,4
7794,1
7309,3
5148,6
11037,1
25208,2
236000,1
7090,1
11919,1
11298,1
491,6071
646,2614
634,2956
2245,62
2640,270
2485,57
1847,112
1191,416
1665,157
5086,9
2618,33
3534,12
7220,4
2613,57
3759,14
4425,18
6199,6
9276,3
6181,4
6323,3
3049,22
2223,57
5103,2
5189,8
6403,4
4557,6
5039,4
4125,12
7524,3
3833,20
3726,11
7703,2
5466,9
3967,14
8363,1
9650,3
8740,3
8718,1
6182,3
6370,2
8359,1
10117,1
8848,1
27333,2
47941,1
12452,1
23698,1
96,1161536
235,99346
620,4580
776,1596
545,5415
1435,274
9131,1
846,1357
1701,187
1551,180
871,1070
1605,205
1951,103
2646,49
3350,51
2412,88
5096,9
3034,24
3232,19
4226,11
6520,4
5638,5
4839,8
4765,6
3084,26
9977,4
9334,3
6293,4
4159,9
3473,26
4043,14
8834,3
5716,6
4976,8
8481,1
6043,4
7408,3
8440,3
9175,3
5147,7
7112,5
9515,1
7102,1
8092,2
7633,2
5545,4
9779,2
7868,1
4832,1
8039,2
90758,1
11390,1
9296,1
24047,1
120000,7
12591,1
15833,4
9895,1
452,8388
840,7940
1032,1285
732,2602
1464,420
3663,15
1029,712
1167,443
3027,32
2447,48
3683,10
2535,56
1518,271
3075,49
3001,34
4027,11
3702,11
4024,13
2224,72
6430,5
6126,8
5954,2
2477,59
5036,9
6127,3
5526,9
5203,5
6325,5
8321,5
3458,23
3632,15
9903,3
6608,2
5626,9
6160,8
7578,1
5890,1
6436,1
8652,1
8993,1
8044,1
14952,2
17052,1
10339,1
13458,3
7528,1
57844,1
10977,1
14225,1
112000,1
48,2021227
266,46423
650,11619
1811,132
507,5613
544,4581
6600,68
9335,1
1835,106
1930,112
6541,2
2740,43
2375,76
2203,82
2602,48
2803,33
4508,14
8690,2
5010,11
8707,4
8653,2
6193,4
2458,30
6252,5
8012,4
6665,6
9191,1
9385,2
5657,6
8673,2
3894,11
3364,24
4529,9
8311,6
6990,3
7108,3
6245,3
8381,2
8702,1
7272,2
7601,1
6751,4
7191,1
7157,2
6676,2
9623,1
14416,1
22000,5
13810,1
116000,2
14585,1
19159,1
9065,1
10248,1
163,235923
191,142420
268,46901
5,36747
1087,546
6529,4
1360,409
1855,114
1407,238
1341,353
6098,2
1711,149
4212,17
3937,23
3135,25
2368,45
5392,5
2985,25
4751,11
2128,51
4543,8
4739,10
7223,2
8273,3
3249,16
5132,4
5176,9
7037,1
7914,3
6974,1
4244,3
8360,6
9402,1
5694,3
6386,1
6155,1
7911,1
6610,4
9239,1
31043,2
10720,1
21677,1
15400,4
15613,1
12767,2
258,60229
279,38576
709,1933
8941,1
5824,34
1010,889
959,828
4703,15
1232,401
1806,150
1357,310
2499,49
2072,74
2437,65
2268,105
3007,30
2252,71
4454,13
2197,62
3552,22
2824,24
7158,8
8563,6
7520,3
3677,20
4660,7
5546,6
9491,2
6801,5
5311,5
5057,2
7740,3
5736,6
8832,6
5625,5
7757,3
9305,1
8876,2
6879,3
7317,3
8829,1
9853,2
9711,2
95000,4
6710,1
21622,1
17500,1
30178,1
2105,99
729,1843
1748,152
1642,178
2630,52
2492,53
3655,21
2515,44
5360,8
3750,84
2755,34
3150,73
3369,18
3816,29
4867,7
5940,12
5826,4
5488,3
9197,1
4506,9
3257,19
4528,5
9015,2
7057,2
4536,8
8491,2
4627,13
9060,4
9630,3
5735,2
6803,1
7214,2
4559,8
4927,3
8614,1
8507,1
8490,3
6839,3
6284,1
8340,2
9690,2
13917,1
14800,3
5924,1
12353,1
11703,1
16512,1
28428,1
19,519264
397,12241
430,14768
989,730
3947,11
754,1825
2652,87
1436,273
2085,104
2742,36
2554,55
4320,59
2761,28
2950,63
1420,332
1856,121
2930,27
2571,41
8124,2
2844,44
3039,31
2822,39
3138,22
2451,38
3457,17
5227,4
3635,15
6700,15
4204,19
4324,8
9539,2
2623,42
4608,10
4390,13
4295,14
7396,5
9327,1
8760,10
7096,1
6985,5
5463,4
6833,8
7372,2
5015,2
9855,1
5109,3
4952,8
4849,3
7682,4
4962,5
7722,1
9046,1
7420,3
9140,2
7181,3
7156,3
8477,2
7165,6
9369,1
7248,4
8385,3
9429,1
10828,2
10517,1
26735,1
92,981986
419,10077
1192,441
560,6866
542,4842
836,1295
553,4150
1807,129
1541,209
1938,115
3584,22
3676,20
2964,43
2664,62
2218,64
2374,71
2994,33
4483,13
5917,9
4961,7
8894,3
5385,7
2903,27
7215,2
3930,24
4237,15
9727,2
2785,29
6057,1
6149,5
5054,5
5489,8
8648,2
6906,1
7262,3
6304,3
7798,4
7667,5
5964,4
7425,3
7859,2
8558,2
7029,3
9822,1
6401,10
4381,4
7651,1
8686,1
8248,1
7434,3
8524,2
5243,2
17126,1
7401,3
10417,2
10083,3
11149,1
9275,1
415,13683
780,8853
1128,832
1739,162
1227,418
1486,258
2856,51
1475,297
6299,5
3327,22
7815,1
6249,17
2836,41
4494,11
6072,11
2176,81
2892,51
5702,8
8140,3
4405,7
7664,1
5738,4
5327,5
4322,5
5150,5
9108,1
7831,1
9351,2
15431,1
29289,1
19393,1
6581,1
11432,1
14616,1
20505,1
257,54121
1250,1513
299,32530
826,1362
641,2770
2153,101
644,2807
1521,182
3332,35
1314,325
1186,456
1497,229
1841,147
1843,171
1751,131
1569,195
3243,33
3119,31
3097,24
2418,74
4034,11
5751,3
6686,3
4419,10
4318,14
6081,2
6255,3
5554,7
4262,12
8720,3
9139,3
6617,4
6379,1
8095,2
4623,7
7549,1
6584,2
5579,2
8712,3
6141,3
5594,2
7053,2
16387,1
110000,2
13577,1
64,1321494
117,567905
227,83671
1490,329
1478,220
579,3818
3931,22
1225,585
1603,166
9300,19
1222,375
3806,9
1220,525
3080,44
2984,34
2131,67
3056,26
1874,147
1299,343
5580,21
2845,30
4247,10
5713,7
2895,35
6660,6
2987,30
4476,11
6134,4
2743,38
6406,9
3181,26
5610,5
4870,7
5656,5
2891,28
7465,4
4130,9
6103,2
9930,3
4465,9
7692,1
7860,5
9583,8
7503,3
7441,2
9469,1
149000,1
504,11991
886,1050
598,3574
764,1572
554,4469
1002,820
936,1966
1733,173
1252,380
1692,294
1050,1749
1048,669
1298,366
1166,524
1255,356
1375,434
3694,13
2627,39
2220,239
4374,10
7068,4
1973,112
3762,15
4134,10
2286,73
2909,46
9894,4
3281,17
7247,7
8679,3
7933,4
6367,2
8557,2
6351,9
7319,3
7926,1
6568,4
7127,3
6185,5
9768,3
8870,1
9513,2
12817,1
32436,1
41,1415153
154,283846
309,28419
425,21797
1181,536
1326,362
1452,386
1530,307
904,1042
1321,321
931,942
1559,185
1189,403
2150,167
1846,119
9021,10
2041,88
1979,81
3574,12
7072,2
3573,16
3675,21
5265,7
3440,22
3341,19
5896,2
4006,5
4445,10
8985,3
6414,1
3943,12
8620,5
4191,11
8203,1
5428,7
4017,15
5291,8
6822,2
4505,4
4110,5
8322,2
7291,3
8647,3
6798,1
7655,3
4249,6
5728,2
7870,4
7366,2
6588,1
9278,2
360000,3
17535,1
94786,1
12307,1
12050,2
160000,5
6345,1
7427,1
10873,1
484,6533
347,19484
455,9936
447,8299
607,3136
1035,785
2569,35
8474,1
4416,13
2910,45
2365,41
2190,84
1632,287
6776,5
1529,233
2847,37
3522,20
2410,69
4647,7
1688,141
3285,29
2810,40
4276,6
7432,5
3256,14
2801,22
4393,3
8367,2
9839,2
6084,5
4902,8
4478,7
6921,1
9352,1
8921,1
5572,3
6562,4
5789,4
7014,2
7097,1
8135,4
8237,2
125844,1
71087,1
15,282314
43,1472373
1151,466
1136,506
845,1339
3434,22
2420,89
1827,125
2346,66
1253,396
4460,13
4235,21
5870,11
1861,107
3320,32
3638,20
7275,22
6479,4
3686,12
3333,47
5743,3
3118,15
2545,37
4629,10
7383,7
3382,18
4308,8
3789,14
6748,2
3112,15
4534,4
4441,14
5844,6
8002,3
8244,1
7348,4
4015,11
6646,5
5330,2
5420,8
5667,3
6140,3
6179,4
7249,4
8591,3
4742,1
6289,4
8593,1
5171,1
7881,1
5494,1
19383,1
9790,1
127000,1
9203,1
10442,1
262,50672
511,5473
3835,15
929,892
5220,15
1946,109
1052,671
2741,26
1904,97
2385,56
2834,32
3040,33
6772,49
5474,3
3527,15
6426,4
9760,2
5675,6
1756,139
2565,48
3310,20
4145,11
3824,21
2691,43
3612,22
3383,16
2798,22
9462,1
9371,1
8865,2
6329,1
9628,3
5688,6
6787,7
6984,8
8216,2
6333,8
5576,3
6335,1
7628,1
5210,7
9325,1
8462,4
6166,3
6659,2
7903,2
8939,2
7606,10
8509,5
8279,2
4638,8
7957,2
44560,1
7693,2
20000,10
79000,1
14887,1
73000,1
112,658967
269,44211
7541,4
1750,523
1045,743
1194,465
1947,117
4195,11
1793,130
2524,61
4037,8
5861,6
8024,7
3015,31
2438,46
3898,19
5874,3
5744,4
6582,4
3086,26
6279,1
6531,7
4448,6
6042,6
6195,4
4741,6
6940,5
7368,4
8569,1
8766,1
5446,5
7641,1
7979,2
6663,4
6876,1
8504,2
15023,1
8083,2
80000,4
13200,2
9168,1
18283,1
26402,1
43000,1
1470,326
327,22214
615,3800
1732,155
849,1208
563,4342
4816,11
1576,168
4073,19
1263,373
2106,74
1894,83
2246,96
3517,27
4520,15
2278,60
3404,25
7093,6
2257,48
3999,13
2494,43
4956,12
3766,14
2841,26
4662,14
3674,18
8996,2
8016,4
9528,2
9739,1
4348,7
6471,4
2794,36
5316,4
5876,3
9350,3
5186,6
6514,2
7558,1
4885,7
5619,6
5329,3
5094,8
7174,2
6877,2
9186,1
5941,3
9031,3
9610,2
8495,1
9753,1
10333,4
126000,2
9643,1
16933,1
165,323910
1901,92
775,2466
666,2679
1800,4041
1091,560
1182,563
1240,575
1132,488
1330,442
5088,7
5509,4
2428,35
1654,192
1697,128
7213,5
2764,20
8840,7
7270,4
3262,18
3401,16
1703,181
2019,90
4967,9
3074,39
4921,5
5166,17
5476,9
4595,6
8196,6
6976,1
5044,11
8094,1
5462,7
8605,4
4847,5
7727,3
9780,5
8973,1
6670,2
8177,1
6935,3
17909,1
13568,2
9287,1
11650,2
96000,2
21958,1
50000,4
358,17364
366,17144
2036,103
854,1163
843,1243
1831,110
1286,349
2620,54
3305,16
1971,103
2157,58
3664,11
3907,14
5048,6
4238,11
6449,5
2732,48
5471,5
2734,46
5495,8
3330,21
3092,15
4353,14
4712,5
9204,2
3637,13
5411,5
6381,3
4007,3
9789,1
9941,1
11400,1
15618,1
10100,1
9066,1
9820,1
9238,1
8221,1
17625,2
207,108755
189,144529
179,175560
489,6299
3609,24
590,4782
1950,305
1119,509
1180,618
1073,603
2149,95
3832,24
675,4388
862,1230
1527,209
6780,2
5869,7
1649,157
1828,129
1635,182
6256,5
7254,4
3277,15
2413,62
2817,27
2942,23
2354,41
6550,2
3723,8
4930,5
2876,21
6770,6
4864,12
5124,9
6605,1
4648,7
9963,3
8510,1
9951,1
4933,10
6523,3
7142,1
6445,2
6019,2
9668,2
7012,2
5982,2
7704,2
5727,5
6647,3
8102,1
7745,1
8023,1
20500,1
133422,1
48000,2
12028,1
37,1399399
659,2624
383,13807
7176,9
9784,3
1310,397
5043,6
1747,141
1396,312
5851,6
4999,14
1362,302
2267,78
7296,6
1624,174
5573,5
2336,64
6314,5
2556,65
3212,22
3280,20
2703,28
2468,43
2241,57
2534,50
3717,17
4113,10
4658,9
4793,9
3412,18
4281,23
5146,7
5946,8
8344,4
8212,1
6077,3
8496,6
7886,4
9342,3
8413,1
7083,19
11665,1
14300,1
17083,2
11376,1
10365,1
10291,1
127,473137
61,1305777
461,7451
316,25517
502,5931
523,5137
819,1386
1231,381
1334,322
937,883
3610,18
3163,24
5252,14
1913,112
3323,24
4948,5
3301,19
4296,25
4518,11
2067,84
4572,10
4625,11
4740,19
3784,11
2932,29
5183,5
3003,30
8365,5
4857,16
5409,3
5404,8
8867,3
5618,9
4694,7
8267,4
6311,3
5288,17
7538,2
9295,1
7259,1
82642,1
10172,1
11177,1
10735,1
88,999652
197,130957
486,6909
903,1017
1487,210
531,4691
1949,91
1725,196
993,698
3471,28
979,815
6392,5
3955,17
1966,118
3410,28
3199,21
6532,4
4485,13
4875,18
4717,14
2567,63
4772,8
6747,3
3398,21
3426,23
9921,1
7204,3
6085,1
3334,20
4770,13
8713,2
5598,2
4542,6
6051,7
4211,8
5632,5
4808,5
9958,1
8839,1
7170,2
4884,6
8137,3
7473,2
7907,3
7614,2
5548,3
121597,1
15800,1
65000,7
10531,1
14490,1
9845,1
318,29408
462,9161
1248,796
1271,344
3068,44
547,4591
1124,544
1858,153
2275,101
1696,157
1216,439
4264,12
2887,30
4143,14
5760,32
4668,8
2401,51
2657,34
2060,120
2735,32
4809,7
3634,16
7423,1
5372,5
6358,8
6558,2
3805,11
3011,26
6512,6
5191,11
2819,41
6631,1
3797,12
3839,13
4907,2
3476,14
8337,2
6277,5
6059,4
7117,2
4545,10
5283,5
5397,6
7842,5
3697,21
7437,2
8408,1
8297,1
9447,2
6215,3
6958,2
7648,1
7741,1
8556,2
13700,2
8058,1
18636,1
202,124457
107,713486
263,49910
564,6294
374,15426
6240,33
619,2974
1158,530
891,1032
1641,162
1108,565
2004,241
2826,38
1736,154
2279,88
7145,2
2589,48
9336,2
3671,14
6029,6
3501,18
3122,29
3420,70
2968,31
4382,11
4743,13
3773,10
2926,32
6540,8
3981,14
9807,3
6009,5
9330,1
6447,8
5180,13
4059,9
7509,1
6797,1
9765,7
8117,2
6006,4
6850,3
7107,2
5737,3
9069,1
6203,2
6893,3
52430,1
6901,1
8883,1
12763,1
10205,1
49970,1
17,392758
9,94052
231,74346
552,6741
3298,27
1219,401
1123,580
1597,157
4127,9
1991,96
1520,287
4511,9
3047,28
2403,54
1406,259
3066,30
2141,86
2702,37
3141,24
3952,14
2777,26
3451,9
2805,41
3902,15
4285,21
2654,32
3687,12
5342,13
3562,16
8392,1
4812,10
6811,6
6709,4
2473,50
4946,8
9028,1
4576,9
5470,4
9458,4
6619,2
9130,1
5257,6
5423,2
7612,1
5137,3
6873,2
7480,1
25534,1
31000,1
12381,1
324,38247
1164,838
586,3636
609,3116
1329,308
1351,343
4546,9
4940,15
1967,127
1720,221
5801,3
2305,77
1706,136
2770,52
5348,5
3051,28
2861,23
2164,80
4589,4
4023,17
7144,1
4633,7
3254,21
8104,1
8566,3
9904,5
6882,6
6217,2
3779,27
5067,7
3619,14
3658,8
7260,6
5715,2
5680,3
7897,3
7095,1
9373,1
8951,1
8087,3
6765,1
4593,8
7930,1
5661,6
7515,8
5249,6
9316,1
6841,2
9095,2
8262,1
5997,3
6703,1
12400,5
13900,1
10300,4
16700,1
101000,2
32378,1
15935,1
15125,1
72,1712955
286,37895
505,6628
398,12788
538,4724
2107,75
8904,26
1293,311
1600,1350
1403,253
5216,5
6829,7
2048,93
1778,135
2759,36
2087,84
2244,115
5800,28
5750,14
2598,66
2783,38
2078,83
3615,19
4480,11
2688,59
3114,29
6762,2
3620,22
4571,4
6505,2
4587,12
2269,50
2972,29
7645,4
9118,4
4912,6
5945,4
6768,3
7972,2
7552,2
8533,3
7327,2
18694,1
10163,2
11098,1
5741,1
10200,2
49000,1
7451,1
1017,704
5664,8
1211,439
2205,78
4500,285
3300,250
1509,221
8246,2
2720,52
2089,74
2588,37
2211,85
3392,19
6106,5
1969,85
5421,2
5515,7
6307,6
5748,7
5943,5
5453,5
5353,5
4983,10
7363,4
4537,5
5829,26
5772,4
8296,3
6291,3
6534,3
6561,2
5560,3
9125,2
7328,3
9697,11
8075,1
6463,1
6065,2
19500,4
7766,2
7429,1
11666,5
9927,2
186000,2
177000,1
175,332081
423,9917
695,2568
387,13090
746,1750
1057,580
1698,159
1159,449
1982,113
2271,69
3161,27
2029,81
4409,10
1865,144
9268,3
3408,20
4889,3
5975,4
9735,2
6641,2
6849,1
8907,1
8529,2
7433,2
14331,1
13435,1
12988,1
381,13344
498,7203
850,4738
721,1933
1121,500
1161,501
2206,64
1850,324
4447,8
1118,505
2490,59
3958,13
3897,10
3606,16
2718,44
6190,4
3374,26
3433,17
6707,5
6571,1
4578,7
5778,4
8731,2
7953,2
4567,10
8428,2
7370,3
4115,11
7688,1
6573,3
5521,4
4754,12
5659,9
5969,2
7653,1
7781,1
6784,3
7640,2
5532,2
8467,1
9638,1
8552,1
21250,2
14897,1
119000,1
18510,1
16367,1
11760,1
13311,1
18025,1
9394,1
35,1500950
614,3158
594,3869
610,4338
503,5864
761,1660
1881,91
880,1636
1589,195
2080,155
583,3727
1072,586
3900,184
2324,58
2915,49
6340,7
1519,192
1815,128
3545,13
7494,1
2444,55
4768,9
1369,284
5264,12
3571,15
2445,45
3499,22
2649,39
3468,21
5999,6
6332,7
3137,15
3875,16
4736,19
3316,26
4824,12
7031,1
6285,6
5052,7
3966,15
4552,9
3065,37
5970,7
5749,2
8596,3
7444,3
8979,1
9432,1
7114,3
7816,2
9987,1
5966,3
4412,5
8966,2
8855,1
9764,2
4343,1
8281,4
8373,1
13092,1
5709,1
191000,1
7139,1
8769,1
20529,1
32297,1
9733,1
1379,302
1142,475
739,1764
3854,27
677,2360
2356,62
1386,260
2298,55
2947,40
1384,298
1059,643
1536,379
2304,130
2716,49
3962,11
2875,53
1932,171
4274,7
5130,6
3681,16
3139,27
3740,17
5032,8
5540,5
3099,47
4075,15
6400,20
5972,6
5331,7
4423,8
4577,12
3511,25
7352,5
6499,6
5767,3
3201,20
6602,5
7238,1
8842,4
7665,5
4184,2
8521,3
6138,5
10534,1
9051,1
9256,2
10917,2
107000,4
75000,2
16900,2
9703,1
900,12908
310,44457
1377,252
870,1763
485,8293
742,1737
838,1312
568,4025
698,2251
1539,222
2297,64
1513,220
2273,57
7650,5
2906,37
1814,122
3934,8
6055,4
2584,45
4626,7
2099,58
4133,13
6360,9
3102,24
2667,47
3588,26
3938,16
2442,43
7973,2
6539,5
2523,42
4840,9
9360,3
3304,19
4855,5
5575,9
4223,6
6075,4
5704,8
7039,1
9417,2
5271,5
7948,5
7686,1
6693,7
6235,2
4453,6
7416,6
6793,2
5814,1
8697,5
6429,2
9755,2
9087,2
9477,1
7389,1
9315,1
7846,3
7714,2
7784,3
5558,1
6818,4
16172,1
14039,1
9466,2
121000,2
12633,2
293391,1
196,131277
456,14708
437,9305
1154,493
1945,122
1272,619
2469,50
829,1298
834,1401
1957,132
1789,116
1438,261
1451,234
2135,71
3823,15
2369,70
2855,28
4440,42
6521,4
9119,2
4950,14
2202,58
5531,3
6433,7
3129,27
8598,2
6591,5
6156,5
7803,1
9994,2
9812,6
9604,1
7086,2
5317,5
5386,2
9942,3
11224,1
7051,2
13686,1
7130,1
10625,1
8801,2
91399,1
11567,1
11588,1
11436,1
217,92037
290,54251
733,1798
1735,187
800,10327
441,8471
884,1108
948,1291
1560,1521
4345,14
6089,2
1643,172
3647,16
1657,168
4897,18
986,786
2171,71
4495,7
3423,29
6015,6
7596,4
1833,136
3971,18
2561,50
2174,81
6031,5
4068,24
2338,74
3422,18
9346,2
6446,8
3563,19
3710,13
5856,8
7190,2
7388,3
7038,3
5630,3
5387,5
6405,5
6657,3
4650,13
7603,1
8330,5
5029,5
7724,3
8446,2
7344,1
12608,2
11742,2
11164,1
229,75851
326,23327
307,28243
960,7455
537,4645
766,1599
823,1292
1727,144
1096,592
1037,707
2904,48
2631,58
2081,75
5600,33
1545,222
6207,6
2983,28
3085,36
9192,8
4916,6
7380,11
4924,6
5938,5
4361,12
3513,25
6369,4
5503,11
9107,1
6454,10
7685,4
5840,3
3273,26
4290,13
8300,17
4613,8
6551,1
3326,21
6621,1
7227,2
9237,1
7872,3
8793,2
7632,3
5923,2
6685,3
6739,4
4444,7
8292,2
8202,1
5956,4
7638,1
9811,1
7268,1
8641,1
102000,9
7341,2
13364,1
9757,3
11058,1
11428,1
173,198504
114,689013
220,162257
301,29878
494,6565
278,41297
713,2015
810,2129
890,1323
669,2419
1205,472
5825,10
1036,691
813,1409
3660,37
1737,152
2402,65
5752,5
8868,4
3018,38
2111,82
2970,41
2929,40
5720,18
2991,35
4215,16
2872,35
4210,11
8730,5
2495,54
5127,4
4690,5
9857,1
7761,3
5319,2
8738,1
5149,6
4881,5
5561,5
6771,5
8272,2
8916,3
6564,7
9709,2
8940,2
5795,7
8989,2
8565,1
9582,2
7030,3
6462,5
6642,2
7961,2
8079,1
5131,5
8616,3
9792,1
11056,1
12111,1
9294,1
8241,3
8425,1
12700,1
55,1738025
59,1348767
4,29332
445,10113
1318,303
684,3694
1779,137
1575,265
3505,16
3229,37
1340,366
3339,22
3926,21
1669,152
3653,11
1540,263
5742,7
2204,77
6344,7
2581,56
4020,38
2046,88
7267,4
3830,12
2993,29
3093,26
5608,4
3170,29
5556,5
4333,22
6343,3
5049,7
7187,4
4646,7
7750,12
6003,6
6348,4
7785,3
4721,5
7876,2
4592,6
5363,4
8027,3
6137,4
8069,3
9173,1
9973,3
9817,3
4573,9
7360,5
6443,1
6175,2
5511,2
16633,2
49751,2
9738,1
10154,2
9004,1
100,1400933
450,40970
8,77332
241,63055
717,1939
449,8416
495,7840
4160,52
4122,12
930,1323
757,1671
2159,65
2574,45
2424,95
4066,11
3443,16
4044,16
2299,46
2547,41
3889,29
3575,34
4254,14
4313,8
3959,14
4601,10
3739,13
4299,8
4248,17
8667,5
6026,4
9361,1
8153,2
4054,13
9806,1
8931,2
6567,4
6212,4
5722,3
6910,3
8432,1
8309,3
6966,1
7136,2
8866,2
5276,4
5662,2
6425,5
6363,3
8151,2
9848,2
9155,1
13128,2
17807,1
33391,1
17583,1
12100,2
161,239960
687,2227
555,4815
987,811
2030,112
1397,303
2163,67
1256,372
1996,111
1279,383
1943,129
1385,302
1066,655
3479,22
1989,108
2687,36
3036,55
2937,27
3629,10
7574,1
7867,3
9303,2
5925,3
3128,18
7804,5
8284,1
7597,1
6283,5
6816,5
5369,3
6965,4
7825,2
8971,1
6892,1
6848,3
9221,1
11005,1
10870,1
40027,2
12197,1
39,1289982
23,722745
719,2047
1315,357
1060,827
679,2342
981,806
1022,746
5200,64
6653,3
1015,810
922,953
8606,9
1254,392
1685,192
4731,8
4560,42
5418,8
1169,443
2784,64
2854,44
3157,26
8925,4
2933,43
5432,3
5603,4
9717,2
2440,59
4002,13
3465,23
2959,31
4105,12
5998,1
5064,5
2579,46
8820,3
3292,14
5797,7
5792,3
5602,5
4939,11
6390,5
8998,2
6198,5
9728,1
7941,1
17833,1
12300,5
10137,1
10349,1
8805,1
14146,1
49,1436822
380,24249
176,187142
520,9466
3800,111
1076,598
672,4102
736,1914
629,2863
1462,232
1754,144
1041,662
1075,789
1116,928
791,1417
3002,29
1717,160
1111,561
2315,65
1677,135
1614,175
1868,120
1287,352
4080,58
2665,50
8885,1
7947,2
5076,6
4682,6
3373,22
3964,18
3772,18
7011,3
5808,9
3756,12
3263,28
5596,5
6170,4
7354,4
5023,4
7382,5
4334,16
9767,1
4369,8
5022,13
7966,1
4252,10
5425,9
6857,4
4693,3
5542,9
8952,1
8581,1
8984,1
8293,1
7713,3
6626,1
100860,1
14086,2
102634,1
62500,1
162,289055
7,51197
514,5487
1432,224
549,4583
3154,26
877,994
4550,32
637,2757
1431,230
2034,96
2756,52
2832,35
2436,84
3294,28
1494,275
7646,3
4490,5
2576,35
2935,28
6063,3
2272,62
6760,5
7728,2
7773,1
6385,3
7377,7
5165,4
9329,2
8847,1
7251,2
8154,1
4909,6
8583,4
7763,2
6574,1
6570,1
8744,1
10795,1
46715,1
7924,2
7819,1
11418,1
130,728303
238,72012
244,63201
624,6363
446,8292
648,4985
958,894
1365,373
1498,249
2704,42
2717,41
1662,191
1795,144
2136,121
2070,105
3024,59
4437,11
2912,42
2357,58
6035,9
2918,31
2988,42
7985,1
9198,3
4522,13
5834,3
8479,6
6402,2
8081,2
5187,5
2677,31
8106,2
7956,4
6421,4
4109,9
9743,1
5075,10
6434,4
6854,4
7921,3
8861,6
6388,2
9288,2
6224,4
9033,1
45833,3
47000,4
29081,2
17278,1
10033,1
8874,1
84,1286549
136,393708
1000,20631
453,7829
1601,187
720,15507
1531,220
856,1147
1849,108
1358,323
1422,307
2214,67
3628,19
4943,8
8250,17
2104,94
2199,65
7150,6
5481,13
1549,195
9871,1
3864,24
4192,7
3496,11
2865,29
3169,19
7986,2
3852,19
3389,21
4892,6
9619,2
8014,1
4666,12
8852,3
7378,1
7353,2
8503,2
7730,4
5072,2
7483,3
8173,1
7292,3
11667,4
8564,2
18600,1
824,1455
314,26765
627,2995
247,61104
1236,666
664,2541
728,2019
691,2209
2147,70
1810,142
1998,119
3158,27
1661,199
3427,12
2083,88
3251,28
2940,84
4271,21
2399,56
9368,3
5218,7
1914,154
2277,80
2097,71
4149,11
4716,6
2053,75
3543,21
3319,23
5683,12
5627,2
3356,35
3916,14
5679,5
6859,4
5730,6
7620,5
6162,5
6312,5
7105,2
5065,8
5153,6
9002,2
9696,1
5658,3
7461,2
7814,1
16667,1
14900,3
11424,1
11776,1
14130,1
13636,1
9265,1
87,979251
1716,245
565,4826
1757,152
1374,320
1596,482
3405,30
649,2640
1233,411
1495,276
1594,212
3765,15
1845,123
4150,27
4010,11
6276,7
2807,29
4359,12
5780,6
4071,12
3777,13
6713,2
3407,17
3662,11
5549,5
5014,7
8112,2
8170,1
6052,6
4058,8
8068,3
5799,3
4045,25
7753,2
5472,6
7883,4
7180,2
4427,8
6346,4
7908,1
8821,3
6093,6
4009,12
7799,2
7186,1
8788,1
7909,2
10380,1
5866,1
8169,1
17106,1
14726,1
41000,1
171,195510
273,42718
343,19546
585,4738
434,9137
443,8754
439,8834
3454,22
3652,21
7004,2
1229,381
1620,802
1673,162
1195,504
1305,306
3117,32
1837,125
3516,22
3331,90
2674,43
5437,15
956,842
5903,1
2188,85
2429,45
5050,14
2873,21
4377,13
3397,21
7779,3
2814,37
4667,11
8323,1
3164,15
4011,11
5976,4
4163,12
8792,12
6122,4
6408,2
8675,2
7978,5
5443,3
6257,1
7866,1
7146,3
7508,1
9706,1
4154,4
7076,2
8061,1
9211,1
16208,1
51,1400133
331,21725
194,136671
277,39989
957,806
428,10004
465,9769
1963,112
794,1437
994,797
3090,34
1555,220
5408,12
1381,293
2921,23
3023,29
5376,17
2187,84
5912,8
5304,7
4651,10
2119,75
6080,4
5355,4
2262,78
2884,29
6295,10
4124,10
7035,5
9495,2
2333,49
4594,8
2705,37
5788,3
5668,7
4787,9
3803,11
6456,4
4821,2
4888,9
6107,6
3821,11
6672,4
9875,4
4539,6
5278,4
9354,4
9174,1
6592,3
6102,6
7133,2
4804,5
5451,4
7545,3
9037,2
7998,1
8430,1
5501,4
9473,1
8134,1
7884,1
14878,2
14748,1
10868,1
12758,1
15665,1
16528,1
184080,1
8629,1
19333,1
391,12565
438,10155
532,4825
1598,211
706,2063
1313,300
1790,144
1388,330
3608,9
821,1365
5393,4
5400,183
1297,300
1840,167
1887,110
1619,169
2434,52
3944,9
3052,29
8342,4
2863,31
3188,26
3038,35
7052,5
4581,3
4436,9
3218,24
4632,9
5774,2
8398,2
5121,14
6168,5
5615,7
3714,17
7493,2
6087,5
4253,7
3763,18
4329,15
5899,3
9536,1
4780,8
9872,2
8434,1
6113,2
8530,2
6264,2
5179,6
7836,2
8424,1
8624,1
8049,1
13333,7
9648,1
7526,1
7334,1
17664,1
69,1192828
129,438207
1412,256
1234,436
166,227430
467,7338
1200,18687
448,8483
928,922
1463,243
1872,290
2590,56
3718,10
2951,42
2068,87
3469,19
2864,31
3589,13
2077,82
1910,131
6548,4
2881,24
4035,15
3867,20
6925,2
6478,5
8046,2
9420,3
6331,2
6788,3
8107,1
6211,5
4760,8
7151,4
5816,3
4997,6
8252,3
8356,2
8671,2
8313,2
4778,6
6895,2
6448,3
4715,5
6677,3
6189,2
8602,1
7535,2
18333,3
17300,2
11670,1
97,819054
400,75809
1020,3938
543,4596
1261,290
1001,807
1317,330
1230,594
2345,76
1742,132
2194,78
1876,106
3430,17
2258,68
2394,49
2585,40
2751,37
2516,49
2143,62
4135,17
4180,14
7229,3
5053,4
5536,4
6418,3
6265,5
3202,29
2790,38
7054,4
5063,13
8607,1
8353,3
6624,4
8528,2
5035,4
4086,18
6927,4
5261,7
5718,6
7350,2
9320,2
9936,1
6214,3
7639,2
6470,2
6389,2
7074,2
8347,4
15924,1
11506,2
13011,1
20993,1
19992,1
7431,1
15736,3
524,5350
661,2444
693,2153
533,4996
1134,543
4431,7
5092,11
1965,112
1006,731
1746,166
2851,28
1607,171
2328,108
3357,19
1690,213
1791,131
3840,69
4260,16
1695,141
4497,16
6724,8
6064,3
9307,1
2480,74
5711,3
6066,5
8661,2
2966,43
8073,2
3985,18
7193,1
8892,1
2827,32
6018,4
7279,1
4142,7
4123,5
4433,7
3933,27
9070,1
7477,3
8228,3
3715,11
4968,4
6464,3
9229,1
9670,2
3656,16
8469,1
5885,7
9389,1
5362,2
7463,3
9461,1
9502,1
5523,2
14566,2
16233,2
234,85593
264,78101
312,44862
239,67709
1905,115
389,12975
1356,478
1058,646
1081,580
1209,460
869,1059
2800,240
1347,313
1714,151
2358,74
1581,182
3537,15
8475,1
2020,130
5269,8
8550,5
5260,8
1985,116
3866,13
5563,4
5058,5
9649,1
6856,3
4461,12
3799,11
3361,14
5631,1
8336,2
6231,4
5717,14
5652,5
6809,4
2919,31
6518,4
5033,5
5798,6
6347,2
6869,1
6262,3
9061,1
8308,3
15369,3
16426,2
12278,2
14116,1
10150,1
63,1296329
635,3394
885,1188
1898,122
1960,119
3193,19
1638,158
2587,54
2853,38
4026,9
1724,165
2850,70
2512,67
6510,4
5835,13
9979,1
8080,5
4661,9
7438,10
3417,14
5449,8
7044,4
4845,7
4008,17
5913,8
7540,6
5653,4
8520,5
3598,12
5136,6
4206,11
8401,2
6789,5
8066,2
7492,4
8995,1
7099,2
5522,4
9985,5
10144,2
11091,1
12505,1
6997,1
86000,2
5693,1
8441,1
7375,1
11753,1
14442,1
12150,1
395,15407
403,11778
779,1423
1104,1099
8400,97
982,797
1738,122
4752,40
2728,44
1609,165
1926,113
2498,62
4140,36
3639,51
6947,2
3695,23
3707,14
4894,6
5677,10
6147,3
3101,21
4344,15
7841,1
4224,19
4599,4
3126,20
4301,5
4022,17
7302,2
5407,4
5985,3
5089,4
8696,2
8113,2
7694,1
8923,3
7899,6
5504,1
6576,1
5898,2
9550,4
10465,1
13163,1
907,1062
459,7503
509,5467
1780,191
1094,613
7200,163
1625,223
5921,4
2350,107
2172,105
3651,20
2839,40
3526,14
3633,13
7479,3
6821,3
6200,28
9280,2
6728,2
2129,71
4164,9
4062,8
3266,16
6248,5
5915,2
3386,22
5853,4
7656,1
6493,3
5574,6
4273,12
8645,2
5645,5
3771,8
4687,5
7690,2
4689,4
7862,2
4794,9
4714,5
4709,3
9883,2
7397,2
7837,1
6951,1
13750,7
10400,8
21474,2
23772,1
123000,2
7467,1
77,1166462
102,905649
10,150755
361,15864
1459,270
1647,189
1346,308
1098,582
848,1250
589,3439
1007,766
2120,74
814,1274
1401,269
1443,263
5468,2
2167,81
1921,110
1755,144
2230,73
2769,27
3745,15
2226,73
1970,86
6327,4
4734,13
3343,14
4981,10
1825,182
4402,9
7721,1
4245,7
5696,5
8366,1
4676,4
6163,2
4156,10
3787,15
3597,13
8728,3
6272,3
6411,3
5781,2
4761,7
6120,10
8522,2
5506,1
9699,1
5469,7
9127,2
6812,4
8958,1
542821,1
200000,2
5559,1
172000,1
11416,1
658,2563
1354,304
5008,4
1502,234
3375,29
2641,54
3855,19
2229,47
3031,30
7440,12
1765,139
2397,49
4932,6
4292,6
3850,37
3860,19
5174,8
7536,8
4673,10
8860,1
7125,3
7100,6
6989,1
8783,1
3592,20
7059,2
7681,4
4964,6
5113,6
8302,2
7392,8
7755,2
6730,2
9445,1
11435,2
10149,2
10831,1
12302,1
50,2112899
750,11898
518,5529
771,1598
1214,479
1414,280
951,839
2954,27
2787,39
3168,38
4805,11
3644,23
2431,65
1660,193
4087,13
7320,6
5769,6
2395,55
3998,11
2482,50
3061,18
7920,11
3518,25
5860,3
5589,11
9934,1
4635,6
8960,1
4890,7
6184,3
5669,4
3467,26
3807,19
4605,6
4814,3
4722,11
6752,5
7932,1
9401,1
5305,3
7391,1
9132,1
8180,2
5931,1
6938,1
9793,1
90000,4
10525,1
249000,1
13968,2
7949,1
13941,1
404,11671
293,34090
267,45241
527,5050
3600,891
1639,161
817,1340
6432,5
1343,321
8604,1
1102,559
2012,88
7183,3
9540,5
4340,8
3682,13
2290,82
4759,10
2462,64
3776,12
8379,1
2671,35
4052,18
5989,4
7376,4
5988,7
8223,4
3982,11
6144,7
4947,15
7041,2
4969,3
5473,3
3429,13
6001,2
6897,3
6918,3
8789,1
8327,5
5776,2
5922,3
5731,2
9634,1
8368,3
11200,5
300000,1
10980,1
45,1686896
569,3995
977,762
769,1464
793,1366
1704,286
2788,29
1611,168
2091,80
938,986
1333,363
1715,159
1442,265
3014,30
4491,17
5839,9
5412,8
2309,79
7743,1
5725,6
3131,26
3724,8
6150,11
2608,51
6206,5
3618,27
8717,1
5356,4
4168,18
3190,20
8093,3
8335,1
4959,7
5557,7
9019,2
4272,10
8232,6
7840,5
8959,4
9606,5
8062,2
9252,4
5172,3
9887,1
5641,3
6136,3
8635,1
6535,1
9013,2
9874,1
11605,1
9448,1
93000,6
10787,1
8233,3
15041,1
11734,1
16833,2
20817,1
216,156614
759,1622
1320,2353
812,1477
1039,648
3182,31
1110,728
952,821
1667,181
2553,41
4496,14
3640,34
2986,33
9370,4
4456,12
4652,11
8910,5
3646,14
5832,4
4579,7
8242,3
3463,15
5284,7
4442,4
9526,1
3742,13
7211,2
9511,2
4395,6
9701,2
7069,2
6640,2
4670,6
6187,3
7002,1
6853,3
6767,1
6763,2
8580,1
8660,2
30732,1
7951,1
9213,1
38,1534875
320,43874
261,47743
418,10492
1864,129
1325,447
5013,8
946,830
1655,191
1405,247
3462,18
2679,50
1918,114
1447,240
3393,14
6513,7
2952,40
1809,108
2889,26
6726,5
9600,109
2737,25
5194,7
3414,20
2793,44
2719,33
5942,2
2722,39
9041,2
4763,10
4643,20
5796,7
4525,13
5402,7
4138,14
8143,1
6225,1
9005,2
7674,2
6977,2
7958,4
5410,4
7963,3
9172,1
7510,2
9620,1
9751,2
20400,1
249,58812
82,1136558
510,9579
181,162371
364,17021
2568,75
4100,44
2378,55
3070,31
2452,73
3692,28
4243,14
1671,150
4439,12
9332,3
1760,174
2251,59
2992,29
4404,16
4225,16
2901,42
5689,5
4148,11
2311,63
4879,11
4586,18
4370,8
9950,1
7305,5
8276,3
4282,8
6501,4
5138,4
4503,8
7534,4
6034,4
8418,5
5996,3
6991,1
7485,6
6320,6
54874,1
10675,1
167,220507
576,7788
288,56665
394,12612
703,2031
5280,22
945,985
1049,654
3480,104
1893,109
3354,25
1705,155
2055,110
7138,2
4103,13
5705,4
6613,5
4473,10
5059,9
3935,12
3478,25
2958,29
3215,30
5366,2
3317,27
3297,16
4630,8
5262,6
3044,33
3760,16
5378,5
4228,18
7409,3
5426,4
6353,3
5101,2
5628,7
5106,6
9486,3
9142,2
9326,4
8111,4
9036,1
8749,2
15000,19
6769,1
11300,3
67000,2
14939,1
18847,1
12997,1
9913,1
240,269902
80,1601728
289,34144
356,17777
1916,127
3492,44
889,1048
3278,30
2540,69
3551,23
4233,6
1987,103
3590,22
1389,251
3016,30
1528,187
2902,34
4803,15
8694,1
3185,36
2980,37
4379,12
5460,13
8791,2
6807,3
5497,5
6525,4
8193,4
3486,16
4790,11
7316,2
8561,1
9145,2
8174,1
7486,2
7422,3
9736,2
6931,2
9440,1
8258,2
9974,2
17333,4
12960,1
12829,1
13758,1
14913,1
10700,1
73,1222028
25,935231
816,2758
245,82598
427,9606
591,3518
763,1657
1484,239
2112,131
1147,501
2254,63
2270,63
1923,93
8750,12
2928,44
3217,30
3351,12
2316,94
2114,63
8682,2
4463,8
2596,56
2672,41
6241,10
2578,47
3616,25
3851,10
3318,28
7900,32
7637,2
6565,4
4270,11
6587,4
8468,2
7027,5
9379,1
4217,13
7590,1
6593,3
4193,5
5221,4
5020,2
8070,3
5108,10
5201,1
8704,1
8254,5
9635,2
9196,2
9188,1
9150,10
9083,4
8777,1
14133,1
13930,1
122000,3
141700,1
83700,1
12774,1
9837,1
113,628249
237,70530
1126,557
895,1140
1368,594
9480,4
1492,236
1941,121
3508,17
4470,1
1421,295
1543,189
2539,46
2321,52
3510,33
1556,205
2648,50
2033,95
3461,10
3205,25
2858,36
4926,5
3719,16
6372,4
8795,2
9688,2
3438,29
5849,5
9565,5
6545,11
5710,4
5154,3
9375,3
5323,8
5613,3
8388,3
8333,35
6981,4
9800,6
7821,2
6129,2
6758,2
9020,1
10174,1
7553,1
94000,1
26250,1
13600,2
18284,1
10233,1
9222,1
645,3074
795,1634
1419,262
1213,458
5350,8
9829,4
9750,8
8456,2
2899,32
6702,9
2552,30
3531,15
3994,20
4048,7
5267,4
4216,13
4554,9
4082,13
5415,13
5850,8
9911,1
4862,9
7568,2
5733,6
3974,5
9214,1
6555,2
8369,2
86666,1
10087,1
7452,1
13727,1
11720,1
7845,1
8018,1
10432,1
24,972470
160,441850
893,1077
1071,594
818,1401
1078,569
1103,533
1558,184
1501,216
3899,13
6232,1
2689,38
4055,12
6486,5
3290,26
3365,24
3153,29
3882,8
8056,5
4915,7
6749,3
5893,9
6263,5
3801,10
5027,7
4278,18
8642,1
4891,5
9479,1
3337,21
7338,3
4819,7
7013,3
4413,12
8125,2
8033,1
7698,2
5629,1
6159,3
8459,1
8074,1
8129,2
56700,1
18000,3
10490,1
11266,1
15288,1
70,1734745
408,17321
1003,766
3096,38
1454,273
921,955
1897,120
5762,9
5128,7
3035,33
4400,67
1479,228
2260,95
2715,35
4970,4
3755,26
2234,69
1709,140
5177,7
3437,23
3259,18
5207,11
2846,39
8219,1
6012,5
6164,3
3219,20
3973,14
3693,16
9190,1
6644,1
7511,3
3842,18
7548,3
4099,8
7049,2
6923,4
8819,1
9227,2
9043,2
5273,7
6287,5
6957,2
9866,2
5957,4
9929,1
7332,3
12856,2
57198,1
10750,5
11351,1
98000,2
20966,1
121,507260
62,1583471
125,771228
396,23610
730,2596
3091,28
1912,122
3267,41
4654,17
1453,251
2075,136
1907,109
3560,23
2505,58
4250,40
1799,151
4432,15
3514,9
3265,25
3580,20
4332,11
3751,12
3678,22
4880,13
2529,47
6547,5
4767,7
3906,17
5635,4
9510,2
6494,5
2551,28
3204,20
5143,4
3909,9
8508,5
5904,3
9310,2
8584,4
7263,2
5434,3
6823,2
6380,2
9595,1
7652,1
10770,1
10474,1
11820,2
85053,1
351,17532
156,372051
480,42648
2812,38
2050,183
1853,114
4704,27
4053,11
2878,35
4998,6
1592,182
1666,157
4067,7
7700,10
5259,2
6173,7
3576,24
7512,2
3391,26
8540,3
3591,8
4255,13
9281,2
6973,2
4747,10
5197,5
4471,3
4590,13
7060,3
6806,3
5313,5
4938,12
9506,1
8745,1
7121,2
6870,1
8810,2
7201,2
44850,1
268000,1
70000,5
14371,1
143,353402
219,87231
697,2165
2820,118
967,793
1083,581
1336,324
2408,77
3530,38
1099,609
3564,47
1679,136
4705,10
5196,9
1610,234
2207,70
3828,10
7294,6
4686,9
4231,19
6577,3
9534,2
3106,22
9251,1
5224,5
4951,5
4708,5
5479,3
6549,5
6643,5
7252,3
8064,13
6851,4
5253,1
4069,9
7673,2
7751,3
6635,6
5978,1
9835,1
9830,1
17520,2
9045,1
106000,3
15121,1
152710,1
95,1093218
477,6960
482,6795
968,891
1423,242
411,10562
1740,594
4913,7
6000,983
740,2460
1784,156
2217,53
2123,74
2359,65
4533,12
4493,13
2145,66
2009,74
2133,73
3868,21
3241,21
5857,5
5872,4
4187,14
5045,14
1687,168
5813,5
4063,10
4825,11
4887,6
7430,3
5927,1
2669,34
7163,4
7318,1
9774,1
5321,2
9676,1
6843,5
6290,2
10238,1
13131,1
10066,2
147000,1
14718,1
10375,1
13666,1
9085,1
15887,1
29,1128683
226,81545
390,24343
789,1400
651,2671
1439,253
741,1832
1038,732
1570,267
2453,47
2948,51
6632,4
3848,25
2860,66
2541,33
2139,52
3288,33
5888,6
3136,15
4499,4
8727,2
2165,77
8028,9
7771,1
9257,4
8878,2
5368,6
4563,10
6919,3
5498,4
9949,1
8817,2
5672,4
9367,3
5312,1
14078,1
558,4834
528,7840
464,7611
526,5125
3911,19
1289,370
4098,11
1221,381
2981,31
5181,8
2125,110
3322,16
3177,42
2291,62
2862,36
4945,10
3845,12
6725,6
5757,3
2749,29
6757,5
4084,17
4878,11
3189,16
4841,6
7336,3
9248,3
8576,4
5475,11
9969,1
6875,5
9970,2
9183,1
8752,3
6236,6
8695,1
6377,1
9531,1
7716,1
11964,1
17000,8
7563,1
118000,1
8436,1
21,604877
214,99036
653,2526
710,2703
1587,191
1393,271
1523,212
1514,229
1578,228
1177,427
7853,4
1801,130
2074,93
2201,60
3064,16
4566,10
2708,44
4678,14
1409,228
9200,7
4502,10
2636,38
3599,18
4792,6
5161,5
3847,12
4051,11
4691,10
6368,3
8099,1
3253,18
7358,3
7017,5
7414,1
5290,4
6487,4
6461,4
3713,13
6845,3
5185,5
5822,4
7061,2
8038,1
8188,1
7738,1
6483,3
7322,1
7405,1
13790,1
9449,1
10296,1
12739,1
323,24193
550,16382
1648,182
1283,371
1327,303
8494,1
1552,233
2250,285
1345,323
1548,350
1911,89
1079,612
1153,482
1465,272
7024,3
2544,81
3246,34
7075,7
2922,27
2868,33
3303,21
2843,40
8175,3
3233,17
3716,14
2116,46
9089,2
3872,12
5093,9
3165,28
4972,6
4366,6
2955,29
8668,3
5111,7
4406,9
9544,1
8676,4
5723,7
8545,1
3878,11
6398,2
8060,1
7808,3
9561,1
8063,1
12083,4
18858,2
11770,2
15551,1
40000,1
338,21401
492,10824
352,18222
335,28239
798,1707
941,970
866,1062
1239,381
1179,415
2178,78
1337,334
3385,19
3775,19
2426,57
2300,320
2943,34
3063,19
2870,55
9285,1
7036,3
2449,61
3869,16
3547,38
5686,6
4664,4
5292,13
5390,3
3477,15
3459,24
8268,5
4117,10
5637,2
6944,1
6431,6
5085,5
6507,3
5416,14
8567,2
7630,2
23500,1
53000,1
7608,3
17280,1
11040,1
195,177535
98,902165
256,53285
2100,891
678,2565
1185,478
1140,2226
1042,685
1604,169
1450,622
714,2177
1364,316
1257,367
2016,212
1131,501
1308,543
911,999
933,896
1602,199
1348,308
2615,42
1936,109
3275,31
3302,15
3507,17
4753,15
2274,81
2330,71
4582,7
8139,5
6922,7
8361,3
4275,16
4723,3
6271,6
3094,26
5007,6
7610,2
7219,4
9472,2
6229,6
5714,2
6109,5
8230,4
9219,2
8634,13
7115,1
7936,3
6633,3
9530,3
6281,2
6569,1
14916,2
7889,1
287,36261
345,25088
490,9075
1188,1837
595,4018
1524,387
2130,106
1168,451
5126,11
1832,150
3820,10
8677,3
1792,140
2435,58
5812,6
4965,8
2573,42
9054,4
3466,22
2285,81
8182,3
6364,3
4908,8
6782,2
3627,14
5352,3
4699,11
7326,2
9210,1
5779,4
8889,1
4501,7
4869,7
5784,6
9225,1
6292,4
5974,3
4791,7
6950,4
4735,8
3954,12
5241,2
8571,2
7195,2
8266,1
4342,14
8823,1
8512,2
8734,1
17188,2
15500,3
151000,1
10825,1
23030,1
7175,1
9179,1
1637,145
828,2092
752,1826
767,1621
1782,111
790,1921
3004,42
1920,891
3255,27
1173,444
2327,59
1593,147
1631,168
2216,57
6158,6
2744,30
1767,133
3569,14
2533,39
4385,11
2314,60
3767,24
2472,73
3307,17
3877,13
6731,4
6987,3
4535,8
5458,3
5340,10
4619,6
4553,3
4815,10
8031,5
3731,16
9917,3
5567,4
9215,5
8636,5
9408,2
8926,1
7345,6
6969,3
6979,3
6815,1
9337,1
9194,1
9520,3
4696,4
6554,1
12010,1
12800,2
8041,1
8687,1
19416,1
809,1413
3521,20
1150,1308
1712,159
1203,498
1284,581
863,1159
990,1176
1844,128
1053,693
2132,92
3641,23
1319,292
1995,116
1562,226
2352,90
3945,13
3009,26
5240,15
4005,15
3079,32
2389,58
3077,28
3384,26
4392,17
4072,13
7547,2
5454,11
9319,1
7394,5
3802,20
7067,6
5384,7
4649,7
3979,10
9791,1
4114,7
7395,3
6625,4
8310,1
6796,4
8149,5
8448,2
7478,1
8854,2
9556,3
7871,1
7719,1
9554,1
11000,20
90,1521535
60,2555524
32,1242152
371,14930
622,3148
1115,590
1014,806
2098,70
2960,32
1937,105
2450,99
4050,36
6698,2
3081,27
5091,8
2152,102
3746,12
5429,16
1931,100
4241,9
3237,29
3553,15
3525,17
3804,31
6808,6
6586,3
3684,18
4205,8
2927,42
6761,4
4835,5
5202,12
9535,3
7525,7
8236,1
7314,5
9786,1
6259,2
7776,3
5773,5
7282,9
3738,11
6648,3
9705,1
6753,1
6417,5
8856,3
5310,2
8922,1
9555,2
8386,2
9134,1
8499,2
11833,1
10253,1
11290,1
15250,1
156000,1
11501,1
31709,1
75,1594525
469,6811
382,13824
630,4850
786,1638
621,3004
2491,53
1027,669
1919,106
1282,350
2195,76
3268,25
5855,8
2088,139
2441,47
4827,9
7010,4
6783,6
8227,5
3311,27
3896,13
5508,8
4853,15
3953,7
6817,3
7848,4
6270,8
6046,6
8814,4
5783,5
8307,1
7878,2
6909,3
5894,2
8376,1
11046,1
203,119284
265,67143
221,88620
835,1447
1668,259
457,7270
640,4100
662,2757
782,1655
1906,132
1515,252
3082,24
2317,49
1237,404
2460,139
5279,7
1895,122
9881,1
2508,98
5483,6
3540,40
2634,37
2530,52
3396,35
5502,6
2806,32
3493,14
8100,11
6968,2
5184,15
2421,43
6101,1
8735,2
3788,10
3781,6
6585,5
6383,3
8487,1
6356,3
5395,10
4339,9
6183,3
5175,8
6983,3
6834,1
7864,2
7453,3
7687,3
10314,1
21500,3
46000,1
19920,1
10030,1
14400,1
151,287434
141,341304
433,9113
414,11655
341,19606
608,3302
859,1169
724,1947
712,2084
2160,609
899,961
1915,131
8314,2
1579,180
1471,233
3338,22
2154,59
1532,210
2594,44
2061,80
2432,51
4558,7
4410,19
6791,4
7003,5
6048,7
4170,14
3992,8
6511,8
5068,5
6274,1
4516,6
6903,2
7079,4
5046,5
4306,4
4746,4
5464,2
7542,3
8837,1
8988,1
17920,1
8349,2
10332,2
21610,1
1440,3016
334,21140
943,893
953,858
592,3618
751,1744
801,1397
978,785
1577,183
1043,592
1023,713
1547,200
2670,63
4675,10
3143,30
3494,12
2592,94
9960,10
5583,7
3532,16
1909,95
5438,10
5650,18
8553,3
5005,14
3565,16
4189,15
3915,13
9552,1
6021,9
9679,1
4077,10
8600,4
4868,6
4834,9
6341,1
8157,1
4081,15
6079,3
5116,7
8084,3
6296,5
6736,3
5534,8
5747,2
8978,1
13167,1
7337,2
14772,1
8609,1
11958,1
200,400268
145,429885
272,44219
488,6703
376,14231
515,6873
680,3628
735,2162
3487,17
1707,181
1511,219
2043,90
5484,7
1383,305
1622,196
2503,49
2660,51
2562,76
2550,101
2372,55
2710,41
7828,3
3041,26
5928,6
8684,3
5739,7
4990,17
3722,21
6844,2
5623,1
4287,11
3594,22
2747,32
4458,5
4309,12
4963,5
2978,30
7413,2
5017,12
3614,33
9362,1
4358,11
7207,5
8021,2
5910,3
4975,8
9617,1
9497,2
5248,6
7544,5
9487,2
8305,1
8685,1
7593,1
9761,1
8162,3
97999,1
105725,1
9633,3
10519,1
10593,1
55000,7
132000,3
134000,1
8670,1
22272,1
12499,1
24500,1
109,646842
56,1482132
1980,556
378,16279
254,55786
487,6204
1040,1101
940,1159
639,2792
1726,153
4584,10
1617,174
1883,131
9672,5
2283,73
2510,60
2604,64
4003,16
4527,8
7663,3
6651,5
2795,43
5889,2
2093,75
4540,17
4750,42
4139,11
6228,3
6253,4
3247,22
5550,11
5051,12
9918,1
4922,12
8630,1
7717,1
5406,6
4411,12
9905,1
6684,1
7702,2
20454,1
228,106189
213,97624
655,2939
478,7050
534,5245
1446,258
997,839
1149,433
3019,37
3957,10
4298,12
2233,66
1686,192
1623,178
5104,6
1585,186
1854,129
2427,49
8841,1
5671,7
2253,67
2506,44
2765,40
4551,15
4492,7
6838,2
3603,38
3879,12
8240,4
7071,8
7089,1
9042,1
9720,3
8277,2
6062,5
5952,3
5842,5
6321,3
5528,7
5604,2
7619,2
9412,3
6349,1
11003,2
12209,1
9093,1
303,29157
426,10866
1842,147
4284,19
749,1900
1105,625
574,3924
718,1915
1408,282
1120,771
1281,325
1554,246
3748,19
2816,36
8192,3
1474,224
5012,12
9245,2
2390,50
3230,14
4954,4
4049,8
3432,19
6566,4
7677,4
3559,17
8285,1
3995,17
4802,7
6920,3
4942,11
9584,3
6226,3
5587,6
7992,3
6872,3
7273,3
9591,1
7659,3
6497,1
5881,3
8472,2
14313,1
15545,1
23333,3
194000,1
7149,1
170,334377
354,20010
807,1359
702,2374
708,3009
1953,91
4300,57
1162,506
2367,44
1268,428
1544,215
1196,477
7521,4
2893,30
4616,13
2373,58
3335,33
3977,12
5729,3
4548,12
3812,15
4657,6
5263,2
7077,2
4634,6
6609,5
6708,4
7495,5
4971,2
4755,7
4147,6
8346,1
6723,3
5229,2
5821,2
5687,1
5135,2
5963,5
15450,1
11173,1
304,29563
783,1546
612,4883
536,4933
1830,162
668,2478
611,3054
1813,119
9000,182
2146,105
2990,43
3424,20
1758,158
4789,11
2527,32
2908,27
4449,17
6044,3
3342,31
4801,13
8772,2
4785,1
2977,32
3892,13
4462,12
2936,39
5226,10
7939,2
5951,2
3544,15
7996,3
9148,2
7421,3
7695,1
6041,7
4283,7
8332,2
5358,3
4861,6
5399,2
7185,1
8659,1
7942,1
8953,1
6298,1
27470,1
442000,1
12685,2
19116,1
105,894563
370,23253
298,33150
753,1665
865,1308
1553,215
913,934
2280,311
2693,37
2518,52
2430,71
5570,6
1744,126
3472,32
7300,11
4350,15
2151,67
8724,5
2707,45
2103,78
8286,1
6439,7
4257,14
7339,2
5804,4
4407,4
3203,19
7412,2
6008,8
7783,3
4269,6
6468,5
9177,4
5430,9
7529,2
9681,2
6070,7
7997,3
9658,2
7588,1
7094,1
5698,2
8164,1
9662,1
66000,1
72000,5
12900,9
11989,1
6455,2
16058,1
11542,1
10229,1
10705,1
58,1519304
188,155928
2400,2726
726,1988
1370,352
837,1275
1573,150
5525,8
2332,63
1880,146
2632,30
6986,2
3780,47
2126,56
4362,6
2293,56
3672,36
3747,18
2916,38
4611,4
6073,5
7654,2
3362,22
6733,6
5980,5
6038,2
4316,15
6814,3
3145,29
9030,2
3849,14
2347,51
4378,7
6453,3
8364,1
8933,3
6743,4
7712,4
4328,7
5666,10
4360,5
4541,5
7277,2
5805,7
5236,4
5349,5
8983,2
9011,3
5719,5
3736,2
8515,1
9785,1
6451,1
6881,1
9593,2
31626,1
6742,2
8623,1
11,146757
33,1219302
421,9792
204,162015
1852,146
1152,1085
781,1610
575,7187
3367,17
872,1098
1024,714
888,1589
3965,27
1482,236
2058,88
3400,129
1794,135
4213,8
1859,132
6420,3
3428,19
3550,33
4706,12
4188,15
2121,67
7830,3
7205,10
3735,16
7386,3
5244,12
4004,18
3109,13
4764,12
8187,4
4268,10
8560,1
5272,4
9560,3
5299,4
4486,6
8639,2
5332,6
6683,7
9331,1
6132,5
8869,1
6324,2
7312,4
8863,2
11440,1
33000,1
9044,1
12807,1
15988,1
110,1005487
150,785836
83,1107819
369,15282
413,10999
508,5931
541,4416
1033,694
825,2240
6945,3
1129,497
1860,444
3380,34
5815,4
2039,101
1821,137
5955,13
4479,11
2953,26
3178,15
3223,17
4031,6
3642,18
8547,4
6202,4
4266,4
3903,16
4728,13
3418,20
4488,13
9718,2
5439,3
5654,6
4131,15
7631,2
9075,3
8020,3
7801,3
6186,3
6589,2
7113,4
8758,1
11195,1
20833,6
61000,3
14200,1
11596,1
8071,1
11185,1
106,722999
71,1212556
68,1369666
260,96658
567,4150
1472,238
1730,197
2360,73
9594,1
2307,62
4152,12
2474,60
3358,24
2001,83
2221,64
3347,23
5070,9
2917,23
2459,48
7950,5
3873,19
9422,4
6785,2
6023,3
6242,8
5674,2
7960,1
6580,1
4096,5
3238,10
5732,3
7369,1
7913,2
5939,3
6094,4
7598,2
9838,1
7977,3
5766,17
146362,1
10717,3
12333,2
18520,1
10182,1
12061,1
12220,1
525,10446
2379,62
561,4215
1241,426
4183,29
2028,120
2353,49
5607,3
2486,52
2767,29
3630,18
3409,18
2931,38
4201,13
4021,14
9586,4
8736,3
6191,5
6444,3
7063,1
4372,5
9910,1
9972,3
6679,9
5846,6
6258,4
6119,3
6317,1
7381,3
6636,2
6022,1
8757,1
8213,1
6674,2
63600,1
46019,1
10270,2
12833,2
97000,3
68000,3
92000,1
15226,1
116,595290
147,312894
1080,4636
2024,94
5026,5
910,1271
1224,806
2263,75
8934,2
3680,21
6310,4
1797,158
2894,30
4575,14
1972,99
5858,1
4242,9
5021,9
9708,2
3604,17
6915,4
5098,5
4375,12
6458,3
6036,7
4371,12
5379,5
6862,1
5935,7
4949,4
8052,6
7021,1
7671,3
5782,1
6830,1
9729,1
8017,1
14435,2
7329,1
13393,1
84000,2
23920,2
9289,1
8387,1
10981,1
12202,1
198,156439
600,53961
14,283181
317,25888
546,5151
1228,420
2101,90
638,2824
1680,1192
2478,56
805,1571
5394,5
2084,82
1430,343
3455,37
1672,183
2946,20
3078,26
3928,15
3924,20
5902,9
6750,13
7474,1
3442,22
2714,40
3187,20
5232,5
8968,2
4895,4
4089,4
5807,6
2934,21
9579,1
9770,5
3829,44
3460,25
3533,10
3808,10
4609,8
7287,3
5726,3
4685,3
8497,1
8994,3
5486,1
7295,4
7915,2
9577,1
7371,4
6912,1
9484,1
69000,2
7153,1
9710,1
21457,1
344,19509
349,18632
424,10254
4800,614
1184,443
975,1356
657,2717
1285,396
1728,381
2388,97
3623,18
3378,20
1658,167
4165,35
3883,15
2264,70
9223,3
5351,6
1693,124
2773,36
6475,5
2303,70
4984,9
8775,3
7439,1
8963,3
4745,10
5011,8
4737,7
6492,6
9218,1
9585,5
4597,4
7235,3
6007,4
7586,3
4514,6
9163,4
6238,2
7298,1
7091,1
8586,1
7458,1
9212,3
28333,1
15436,1
11395,2
9746,1
123,498323
379,14090
342,23536
454,7905
373,14168
1018,758
1264,419
971,839
2179,73
965,980
832,1323
3360,104
1992,487
2411,54
1629,176
5277,8
1678,140
1958,102
1753,154
1448,233
3100,103
4056,33
6338,9
3191,23
4175,18
4980,20
3785,15
3643,25
4813,5
6260,10
3770,22
9810,3
7050,7
5712,6
6192,13
2476,35
7450,3
9377,2
8370,11
4468,5
7708,7
8035,5
5297,5
6697,4
8938,5
5944,3
6666,9
9740,2
6955,3
8797,2
17250,3
13935,1
14000,7
11398,1
18110,1
199,126857
158,272565
270,84552
242,67793
1086,593
690,3350
284,37646
3250,134
1684,162
3822,20
1563,222
2709,44
1983,100
2222,76
2065,97
2538,52
2416,65
6556,3
2049,81
6286,3
4640,17
8617,1
7557,2
5491,5
4417,6
5519,8
3665,25
5295,5
5118,9
9797,3
5159,6
3535,22
7308,3
7243,1
8142,5
4710,12
4434,15
6054,4
5205,7
6174,2
5414,7
7839,3
6114,7
9025,2
9160,3
4863,2
5377,3
8714,1
7820,2
6489,2
5081,2
14258,2
7844,1
7315,1
12788,1
135,560583
248,62299
522,5813
499,6919
1095,554
2762,42
902,1079
1106,569
2890,36
1606,182
3142,25
1567,183
4057,11
1788,207
5986,6
8575,4
2611,54
3914,18
2319,65
3355,23
2731,43
4116,34
4934,7
5634,6
3881,16
2617,48
3948,14
6802,4
3558,8
3146,22
9823,1
5793,2
6220,8
7154,5
7256,3
6251,2
3946,12
8813,1
4302,17
7085,8
5293,3
7582,3
4769,11
7585,3
9356,1
7882,2
9392,2
121546,1
206000,1
21115,1
16630,1
13491,1
8403,1
119,546356
42,1878139
337,20153
466,7348
506,5630
566,4074
909,927
1437,243
1141,526
1566,174
2124,116
2308,66
1312,310
1433,265
2415,104
5168,5
2334,53
2005,127
1954,95
3113,28
3160,18
2493,49
7471,1
9920,3
5569,7
7502,2
3286,19
3103,13
5060,5
3448,16
6889,6
7134,26
6982,4
7514,2
4509,7
6805,7
5141,5
8726,1
9744,1
6395,4
7016,1
9818,1
9772,2
5991,2
6575,1
59000,2
17642,1
46272,1
11924,1
10884,1
9549,1
11083,1
79,1079220
2,24575
201,117867
778,1588
765,1960
892,921
803,1354
2162,67
1328,348
1817,129
1262,417
8089,5
4920,20
2266,60
4856,7
1572,288
5703,6
4261,16
2944,26
7007,2
3366,23
4960,16
5820,11
6868,2
4901,6
4906,12
3447,23
5079,8
2897,24
6196,2
9104,3
5239,16
7064,3
4871,4
3556,12
6519,2
9490,1
6603,1
6371,3
6037,3
7179,1
8944,1
9398,1
6246,3
6883,1
8906,1
13603,1
9388,2
131,426514
149,306414
276,61584
1761,157
962,850
2974,24
1070,764
5314,4
2166,59
1984,122
7313,3
4065,9
2605,51
5195,6
3942,19
4771,8
6516,4
5746,2
2419,52
3917,10
3130,27
5199,1
2624,39
2302,51
1935,134
3968,12
9026,3
7918,3
3536,24
6450,5
4665,8
3274,30
7670,3
4833,14
3107,26
6330,5
9922,3
5512,10
4532,3
7625,2
5734,4
4883,11
6316,1
5228,4
5977,1
9665,3
9651,2
9430,1
3988,7
6502,2
8316,3
7435,1
8050,6
8253,2
8168,1
10274,1
10491,2
160532,1
108000,4
12924,1
10888,1
773,1549
820,1849
365,21295
1557,196
1092,1032
999,1120
1316,327
1691,171
1763,152
2115,79
1839,137
2548,52
4886,12
2938,30
2593,49
2825,45
3737,12
4112,21
6208,4
6049,3
6355,11
3344,22
6530,5
6681,1
8964,2
6474,3
6404,1
5115,7
8554,2
9136,1
4194,9
3984,18
6860,5
7056,5
5487,3
7469,2
7172,3
3880,10
3921,7
9049,1
6415,5
8535,5
7045,3
7916,3
7457,2
7752,3
7167,3
8763,2
6967,1
6926,1
8991,1
8582,1
7575,2
7288,1
905,1114
294,37963
357,17225
2000,3267
3950,17
529,4764
1004,742
9999,6410
5700,33
1187,449
4622,6
1964,87
9504,4
1819,134
3732,34
2144,91
1612,208
6180,12
2276,46
4836,15
7496,6
4046,15
4414,7
5215,8
7778,4
5878,4
8489,1
5643,7
6952,2
4783,3
5617,5
9171,1
4702,2
5987,4
6688,3
6016,5
7374,5
6596,2
6842,1
7356,1
5644,3
7577,3
7782,4
8806,3
8097,2
6777,1
10250,11
12200,1
8781,1
8942,1
118,602672
722,2045
573,3713
1373,310
1390,332
1112,594
1885,140
1449,238
1652,177
1503,236
9102,3
1981,100
3617,22
1571,201
3329,28
2010,125
4422,10
3186,25
2642,33
2348,67
3321,25
1508,263
9663,3
3224,44
5535,5
2925,42
5208,8
4872,10
5078,9
5145,6
4854,5
4236,15
4679,6
6701,4
4724,8
4953,4
5493,8
5648,9
4128,16
9100,8
7658,4
4671,13
4817,4
4903,3
7025,9
8103,2
6269,6
8972,3
6675,1
5873,2
6412,2
7965,2
63936,1
196000,1
7809,2
17125,1
62600,1
124,499160
281,38540
1011,717
571,3779
1428,351
1366,256
3174,23
2661,34
1193,423
4060,21
3483,25
1986,94
3951,11
4388,13
2073,75
3289,27
3585,26
3348,30
9220,1
2137,57
4129,11
6210,3
6151,5
4146,11
6715,3
4911,11
9990,2
5270,7
4580,11
6800,9
3503,13
8890,1
7835,6
4556,4
8076,2
9863,2
9916,4
6652,2
9115,1
8891,4
140000,1
7863,3
11916,1
9167,5
16600,1
11705,1
3960,116
1402,293
3110,55
2406,65
6297,2
2792,34
6614,6
6250,59
1879,109
2883,40
3225,36
3733,17
2557,44
2818,45
9644,2
5209,2
3520,23
4095,9
7162,2
9808,7
3299,20
3315,22
4628,8
4955,22
7636,3
2461,37
3768,15
3295,18
5584,7
5459,6
4988,4
7415,1
6704,4
8833,1
19647,1
15600,2
28750,1
9428,2
30,1427750
99,760462
942,1059
1702,158
2243,56
985,857
1805,122
3048,42
4141,14
2869,37
4860,17
5294,11
2011,116
5233,9
3005,28
8908,1
9996,11
5268,11
3372,30
9400,14
6399,3
4218,15
7983,2
4636,8
8981,2
3515,21
6130,7
6123,6
5906,1
6148,8
8380,1
3989,11
7018,5
3578,7
5533,3
7015,1
7643,1
6111,3
5646,8
9232,3
8539,3
5973,2
14583,1
93709,1
13400,4
114085,1
16519,1
20562,1
22800,1
184,162097
652,2669
313,25530
302,32288
815,1540
1202,448
1090,692
901,1052
2543,55
1371,295
2361,41
2446,49
1445,271
2696,48
3214,22
1836,202
5364,12
4289,12
8114,2
4978,6
5326,4
4996,9
4335,7
2766,36
3248,36
3961,14
9984,6
9636,2
5163,7
9503,2
3033,27
2566,46
9773,3
4346,8
4850,12
3895,19
8905,2
4064,10
6627,5
8224,1
5859,4
9380,1
8077,2
8320,4
9608,4
8476,1
40553,1
8812,2
15937,1
9365,1
8739,2
170000,3
11021,1
13202,1
22370,1
11160,1
13023,1
15565,1
66,1428800
557,4180
700,12859
405,14318
915,1129
682,2251
3758,13
8000,154
1012,761
1764,254
1568,214
3176,23
2465,55
5865,11
4555,5
4730,7
4079,9
5164,5
4748,14
3491,17
2591,46
6611,4
3371,22
5256,7
4029,10
7410,4
9694,1
6074,5
7137,2
7964,1
4085,12
6888,3
5041,2
5537,4
7464,1
6727,4
9616,1
9618,1
7579,1
8585,1
9151,1
22402,1
8765,1
45000,1
11583,1
46,1547057
67,1321868
282,44035
275,88303
186,175690
605,3945
2325,93
802,1498
4974,5
6169,12
1376,271
1101,562
2813,31
1976,86
4776,26
2341,76
3021,35
5882,7
5242,10
2504,51
5318,11
2995,51
3312,34
4711,7
5456,7
7448,3
2949,34
4719,12
7946,2
9068,4
9889,2
7829,3
9924,2
9563,2
9496,2
5514,2
8859,1
8542,1
9667,2
13609,1
13130,1
49988,1
311,26837
535,5987
1851,113
873,1101
894,1206
1534,235
9359,3
2586,37
1870,155
5413,9
2248,77
1940,137
3159,21
4039,20
2008,98
4659,8
5139,4
4810,7
2997,24
7893,2
4341,7
3887,18
5198,10
3939,13
9438,3
5009,2
3194,16
5707,10
7592,5
7777,3
8377,1
4904,8
7756,2
8167,2
6423,2
8737,2
7834,1
9144,4
10500,8
9860,1
87000,2
9713,1
31642,1
628,2976
616,3039
632,2949
964,892
3134,19
1392,694
681,2337
3554,17
2382,51
2423,48
2063,79
1535,224
2017,103
5002,9
2456,60
1526,312
4701,8
4265,22
9240,6
9525,3
2621,39
4207,15
2448,85
3581,29
4677,3
7155,2
6673,5
4596,10
3464,20
7934,1
5371,7
6594,3
6410,2
5419,4
8013,3
7573,2
8719,2
8315,1
9244,2
7905,1
5681,1
7297,3
19565,1
14409,1
11276,1
10439,1
174,221122
215,133838
410,16445
996,2795
1178,455
1338,339
1584,444
1674,155
1481,268
2287,57
1309,338
2799,50
7843,4
2362,60
3809,12
2186,72
3156,43
5170,6
6069,3
2514,44
5296,14
5134,9
6373,4
9877,4
6871,3
3524,14
9500,32
6427,3
5919,8
3363,16
3605,13
5517,3
8209,1
8485,1
5019,6
5684,5
4674,6
8625,4
7543,2
8265,1
7456,1
8879,1
7790,4
9870,1
8709,1
10693,2
10145,1
13265,1
15831,1
172,205152
562,4355
716,1964
864,2800
1776,242
1999,201
1429,234
2900,164
1054,615
1948,107
2381,46
3057,35
1891,106
3837,11
3055,34
4732,11
2969,35
6972,4
2282,53
2215,65
5250,36
3555,20
7224,7
5616,5
9897,3
7527,3
6828,3
6699,3
5837,4
9978,2
8920,2
5665,8
4179,8
6104,1
8048,1
5073,3
7498,1
5863,3
6930,1
168000,2
10071,1
7822,1
7364,1
14384,1
252,83254
551,4533
1862,126
399,12318
1067,797
1411,284
1676,170
1630,246
2500,1054
1063,632
2340,228
2976,47
2676,53
4749,7
3221,25
6964,9
2639,36
2175,93
2289,62
2913,33
3701,20
3929,20
2745,31
2815,25
3838,15
7141,5
5685,6
4744,5
7104,2
4303,4
6233,7
4108,12
5690,4
7627,2
8057,2
9893,1
5753,6
8362,4
8275,1
6061,3
6649,2
9321,1
6995,2
14546,1
19164,1
12600,2
10232,1
27416,1
15455,1
8471,1
15644,1
144,538827
420,49102
153,283603
1278,385
705,2301
851,1189
5441,7
1710,198
1013,699
785,1818
1640,233
2528,48
2295,100
1109,569
1962,100
6315,2
6916,14
9788,22
3236,19
4430,10
5275,9
3980,20
6058,6
2963,28
9666,4
4602,8
4222,12
8072,3
5721,4
4019,17
4598,8
8710,4
8974,5
7246,4
6615,2
3949,10
4337,11
4982,1
7679,1
6680,2
4986,5
5622,2
9589,3
8597,1
7384,2
7135,2
9704,1
11855,1
14229,1
13835,1
8358,1
11166,1
27224,1
9529,1
11128,1
147417,1
670,3315
1734,151
927,932
949,949
745,1936
1174,491
3705,20
6133,2
4600,51
2002,126
3853,11
2301,76
3901,17
5169,10
1867,109
2645,34
3308,16
2830,36
2658,59
4331,9
8897,1
3271,17
8420,2
5994,7
8871,1
4398,6
8259,1
8214,3
6526,5
4621,6
5436,6
8900,8
5877,3
6885,1
6998,3
7507,2
8289,3
8518,3
7399,1
12376,1
10399,1
8433,2
18,488177
475,13619
1292,348
1044,1131
2859,30
947,838
1246,419
2117,86
1900,617
1719,141
2425,53
1361,351
1741,106
1929,79
6352,2
2626,48
9250,8
1768,155
1762,145
4330,10
3874,15
3148,21
3769,21
9599,1
2066,81
2501,41
3831,7
9795,3
8796,4
2507,58
4795,5
3395,14
6628,8
3394,20
4707,12
5380,4
7635,7
7390,5
7858,1
5908,5
4310,11
4549,8
8466,2
6527,4
9129,1
9199,1
5831,4
5706,2
6209,3
4941,8
9381,1
8918,2
6247,3
7196,1
7459,1
16959,1
27102,1
10853,1
12177,2
21113,1
8235,1
138,439472
74,1213156
755,1833
1424,232
3729,21
1097,515
934,909
1258,400
1117,561
1204,460
1928,140
2509,52
3583,20
2570,46
1713,149
8319,5
4171,12
6083,9
2377,63
2095,84
8599,1
2982,23
4985,16
4574,10
5034,9
9851,1
4121,7
5582,8
4196,9
8882,1
8948,3
6033,4
4373,11
7729,1
9884,1
8065,5
7927,4
5673,3
7443,1
7747,1
7869,1
21054,1
15069,1
105000,2
18633,1
104,795781
180,521939
468,11525
483,6214
932,912
2700,481
656,2693
643,2639
917,974
1416,484
2265,70
1803,135
3227,34
3596,12
6790,4
2118,61
5809,3
2838,28
2140,86
5455,9
3470,11
3416,23
2673,44
3870,17
3368,20
2979,31
5544,6
7062,6
5435,6
6590,9
5477,1
9645,1
6039,5
5754,3
4467,6
6544,2
8764,3
8439,2
6485,4
8394,3
5565,5
5636,4
5802,2
7245,2
6092,2
7609,2
8190,2
7917,7
6413,2
9109,1
12701,1
51000,2
134,415731
584,3668
878,1151
841,1220
1933,107
4214,7
991,740
2110,85
2973,43
9532,4
2182,76
1857,97
5566,5
2417,54
4234,20
2546,64
5083,3
4797,14
3291,14
6205,4
3088,25
4367,9
9048,5
6131,4
6428,2
8096,4
6696,9
9082,1
5107,3
5301,7
6025,2
9673,1
5901,1
11230,1
16250,3
14194,1
9518,2
175000,2
6908,2
10383,1
19796,1
407,11142
788,1638
521,5274
2730,36
2184,130
2733,37
2643,41
4811,4
3345,20
6484,5
4106,24
5848,6
7232,1
5389,10
7043,3
6524,3
7885,4
7164,5
5530,5
6604,3
8771,3
5833,39
9680,2
9908,3
4178,12
5403,3
7482,1
7888,1
6799,2
9372,4
7129,2
6943,2
6599,1
62000,2
36000,3
26000,1
24107,1
10855,1
17446,1
10467,1
1107,553
701,2205
617,3071
963,802
1009,645
7000,163
7385,1
2599,61
2713,49
3696,30
5289,5
1387,278
3993,8
4232,9
3542,21
3782,18
2690,33
4607,3
2021,77
3688,12
7505,3
6117,2
6542,4
6804,5
7310,4
8559,2
6407,3
8251,2
7040,2
6278,1
8261,1
4421,12
7762,3
6794,2
6135,4
5979,5
6496,1
8437,1
9509,4
16466,1
9348,2
12516,1
14100,1
11018,1
11831,1
36,1741552
315,36932
187,158100
208,117821
1656,372
393,12143
954,984
3046,27
1277,348
1217,477
1882,117
1993,90
1359,329
2208,102
4513,10
2511,69
2370,72
2086,81
2746,41
2454,52
3381,26
2057,109
2558,41
4380,34
3712,19
3846,9
3402,16
4319,9
7797,8
3444,19
7624,6
3568,12
3778,5
5133,5
6942,3
6459,5
5745,5
4484,7
4618,9
8754,1
6905,1
5883,2
8282,2
5990,1
9671,1
13841,1
10110,1
24511,1
124000,2
11122,1
89,942760
401,11829
422,10450
517,5241
1476,391
2376,173
1138,526
1413,245
3406,27
3245,31
3523,15
2965,22
2310,66
2706,34
3050,49
3910,15
6438,6
6634,3
2487,50
5125,10
6047,9
2555,47
3825,13
6721,2
6638,1
3053,14
6819,4
7999,15
4585,17
2457,64
3668,16
3836,23
4173,5
6303,3
6490,3
5806,3
7476,2
3376,21
6153,4
9067,15
6306,2
6078,2
7166,6
5581,2
5391,3
5911,1
5836,2
7466,1
7874,1
5431,2
13100,3
11817,1
18443,1
12916,3
18400,2
14879,1
39600,1
